M,control,xP,yP,eps_over_lambda,family_size,L_exhaustive,L_gcs,rel_diff,ties,same_layout,exact,n_eval,survivors,t_full_enum_batch4096,t_bank,t_gcs_batch128
16,endpoints,-6.0,1.0,0.03,3003,53.577333877815434,53.577333877815434,0.0,1,1,1,1,1,0.0732947500073351,0.009643458004575223,0.04151154198916629
16,endpoints,-6.0,1.0,0.05,3003,18.57343458977497,18.57343458977497,0.0,1,1,1,7,7,0.07625962499878369,0.0058828750043176115,0.017398790980223566
16,endpoints,-3.0,2.0,0.03,3003,29.291055107331697,29.291055107331697,0.0,1,1,1,4,4,0.07430404200567864,0.009938000002875924,0.011968665989115834
16,endpoints,-3.0,2.0,0.05,3003,10.561598921205086,10.561598921205086,0.0,1,1,1,4,4,0.08927008300088346,0.010415333992568776,0.017515084007754922
16,endpoints,0.0,1.0,0.03,3003,1.0309969367828102,1.0309969367828102,0.0,1,1,1,3003,3003,0.08990420802729204,0.00664350000442937,0.1102448750170879
16,endpoints,0.0,1.0,0.05,3003,0.9001414665185927,0.9001414665185927,0.0,1,1,1,3003,3003,0.08351879200199619,0.006538333022035658,0.11588291698717512
16,endpoints,0.0,4.0,0.03,3003,2.572941491474702,2.572941491474702,0.0,1,1,1,3003,3003,0.02569158299593255,0.008754542010137811,0.07863579198601656
16,endpoints,0.0,4.0,0.05,3003,2.246382653834831,2.246382653834831,0.0,1,1,1,3003,3003,0.025238582980819046,0.009178375010378659,0.06799337500706315
16,endpoints,3.0,2.0,0.03,3003,143.81281382489078,143.81281382489078,0.0,1,1,1,1,1,0.0932994999748189,0.009804458008147776,0.031539165996946394
16,endpoints,3.0,2.0,0.05,3003,53.85380586247267,53.85380586247267,0.0,1,1,1,1,1,0.09155533299781382,0.006900832988321781,0.028677583002718166
16,endpoints,6.0,1.0,0.03,3003,411.10930574295094,411.10930574295094,0.0,1,1,1,3,3,0.0903432079940103,0.009362541983136907,0.02478624999639578
16,endpoints,6.0,1.0,0.05,3003,190.45601342335328,190.45601342335328,0.0,1,1,1,2,2,0.053690250002546236,0.009695207991171628,0.022052708023693413
16,free,-6.0,1.0,0.03,12870,55.797909622987035,55.797909622987035,0.0,1,1,1,6,6,0.3568507499876432,0.020982334011932835,0.03367758300737478
16,free,-6.0,1.0,0.05,12870,19.22442775717811,19.22442775717811,0.0,1,1,1,12,12,0.37983233301201835,0.0184248749865219,0.056512959010433406
16,free,-3.0,2.0,0.03,12870,29.519746768065875,29.519746768065875,0.0,1,1,1,8,8,0.3836794169910718,0.03301491599995643,0.047962292010197416
16,free,-3.0,2.0,0.05,12870,10.561598921205086,10.561598921205086,0.0,1,1,1,25,25,0.3946852080116514,0.030875041004037485,0.04976658301893622
16,free,0.0,1.0,0.03,12870,1.031269590587537,1.031269590587537,0.0,1,1,1,12870,12870,0.515734041982796,0.030421000003116205,0.3405464999959804
16,free,0.0,1.0,0.05,12870,0.9008264994387054,0.9008264994387054,0.0,1,1,1,12870,12870,0.5185481670196168,0.03503904098761268,0.33151858299970627
16,free,0.0,4.0,0.03,12870,2.5736720322710007,2.5736720322710007,0.0,1,1,1,12870,12870,0.3146146250073798,0.03472420800244436,0.37448399999993853
16,free,0.0,4.0,0.05,12870,2.248135665448895,2.248135665448895,0.0,1,1,1,12870,12870,0.3195278749917634,0.028782792011043057,0.36169558300753124
16,free,3.0,2.0,0.03,12870,148.13331976546073,148.13331976546073,0.0,1,1,1,1,1,0.3815654999925755,0.03572629200061783,0.035768625006312504
16,free,3.0,2.0,0.05,12870,54.131895784526016,54.131895784526016,0.0,1,1,1,1,1,0.31971620800322853,0.029578209010651335,0.054569958010688424
16,free,6.0,1.0,0.03,12870,437.67924584849294,437.67924584849294,0.0,1,1,1,5,5,0.3468254170147702,0.01975533302174881,0.034989209001651034
16,free,6.0,1.0,0.05,12870,204.28156350413278,204.28156350413278,0.0,1,1,1,6,6,0.3546977079822682,0.024655416986206546,0.031875832995865494
