control,snr_db,eps_over_lambda,xP,yP,role,S,L0,Q_lo,Q_hi,U_8,U_plus,delta_plus,U_refine_centres,L_joint,W_lo,n_boxes,box_budget_reached,refine_seconds,witness_seconds,sampled_min,valid,ladder_8_to_plus,dep_lo,dep_hi,bracket_before,bracket_after
endpoints,10.0,0.03,0.0,1.0,hat,0 1 2 3 4 5 6 23,0.9295734015097664,0.9295785174342448,0.9295880694106288,0.988208254855696,0.9882082548556961,1.0 1.0 1.0 -1.0 -1.0 -1.0 -1.0 1.0,0.9882082548556961,0.957529474509051,0.957529474509051,100351,1,57.40355337501387,0.26578991598216817,0.9882082548556961,1,-1.1102230246251565e-16,0.030057835312083503,0.06307131277439249,0.06307716340710456,0.03203951540225414
endpoints,10.0,0.03,0.0,1.0,nom,0 1 10 11 12 13 14 23,0.928413166668543,0.9284184096105872,0.9284258917143338,0.9850241000994964,0.9850241000994965,1.0 1.0 -1.0 -1.0 -1.0 -1.0 -1.0 1.0,0.9850241000994965,0.9567817623522431,0.9567817623522431,100351,1,57.42369341599988,0.3008004580042325,0.9850241000994965,1,-1.1102230246251565e-16,0.030541878345885287,0.06097002160120013,0.06097601311934464,0.029518056111165647
endpoints,40.0,0.03,0.0,1.0,hat,0 1 2 3 4 5 6 23,1.0327918228980093,1.0327981380323656,1.0328087658052283,1.1056802519043314,1.1056802519043314,1.0 1.0 1.0 -1.0 -1.0 -1.0 -1.0 1.0,1.1056802519043314,1.0652894013125538,1.0652894013125538,100351,1,64.48284708400024,0.39289100002497435,1.1056802519043314,1,0.0,0.031448837948235164,0.07056762709779574,0.0705741732170162,0.03791537824558433
endpoints,40.0,0.03,0.0,1.0,nom,0 1 10 11 12 13 14 23,1.031479797512189,1.0314862691499451,1.0314945969037703,1.1011898383330236,1.1011898383330236,1.0 1.0 -1.0 -1.0 -1.0 -1.0 -1.0 1.0,1.1011898383330236,1.064472479462564,1.064472479462564,100351,1,64.04010579100577,0.3199491669947747,1.1011898383330236,1,0.0,0.03197096975377578,0.06757585754439721,0.06758255565350613,0.03449347876893705
endpoints,10.0,0.08,0.0,1.0,hat,0 1 2 3 4 5 6 23,0.5693602796232863,0.5693643499618983,0.5694431497118717,0.9182474302543168,0.9182474302543169,1.0 1.0 1.0 -1.0 -1.0 -1.0 -1.0 1.0,0.9182474302543169,0.719185631775549,0.719185631775549,100351,1,60.103189000015846,0.24181962499278598,0.9182474302543169,1,-1.1102230246251565e-16,0.2629630054193195,0.6127589131911151,0.6127704427535225,0.27678778563375595
endpoints,10.0,0.08,0.0,1.0,nom,0 1 10 11 12 13 14 23,0.5631734057252537,0.5631777956139729,0.5632530971500178,0.910286260066956,0.9102862600669561,1.0 1.0 1.0 -1.0 -1.0 -1.0 -1.0 1.0,0.9102862600669561,0.7148158404541042,0.7148158404541042,100351,1,59.99439883400919,0.22679904199321754,0.9102862600669561,1,-1.1102230246251565e-16,0.26908461590530575,0.6163390445366685,0.6163516437618197,0.27345563507472725
endpoints,40.0,0.08,0.0,1.0,hat,0 1 2 3 4 5 6 23,0.6325807174655206,0.6325857419146234,0.632673328754577,1.0946619158662128,1.0946619158662128,1.0 1.0 1.0 -1.0 -1.0 -1.0 -1.0 1.0,1.0946619158662128,0.8079622506733737,0.8079622506733737,100351,1,75.29435204202309,0.540384833002463,1.0946619158662128,1,0.0,0.27706071040461655,0.7304561948441026,0.7304699394759506,0.35484289637776656
endpoints,40.0,0.08,0.0,1.0,nom,0 1 10 11 12 13 14 23,0.6256931532746445,0.6256985719410619,0.6257822694482366,1.0810708159439686,1.0810708159439686,1.0 1.0 -1.0 -1.0 -1.0 -1.0 -1.0 1.0,1.0810708159439686,0.8032115129650752,0.8032115129650752,100351,1,75.51853916599066,0.45448104199022055,1.0810708159439686,1,0.0,0.2835319122628406,0.7277821373161144,0.7277971003614909,0.3459354086611246
endpoints,10.0,0.03,0.0,4.0,hat,0 1 2 3 4 5 6 23,2.020232189488957,2.020241266662679,2.0202619897626746,2.086704576265008,2.086704576265008,1.0 1.0 1.0 -1.0 -1.0 -1.0 -1.0 1.0,2.086704576265008,2.0748368618160833,2.0748368618160833,100351,1,57.764462833991274,0.30451883299974725,2.086704576265008,1,0.0,0.02701375976480147,0.03289869913018961,0.032903340082342636,0.0057198301550016595
endpoints,10.0,0.03,0.0,4.0,nom,0 1 10 11 12 13 14 23,2.0179744840097107,2.017982832977331,2.0179990606201668,2.054879056355174,2.054879056355174,1.0 1.0 -1.0 -1.0 -1.0 -1.0 -1.0 1.0,2.054879056355174,2.054833299360933,2.054833299360933,100351,1,60.04633608300355,0.4491543329786509,2.054879056355174,1,0.0,0.018252852273105802,0.018283715190681837,0.018287928136798914,2.2267983614820963e-05
endpoints,40.0,0.03,0.0,4.0,hat,0 1 2 3 4 5 6 23,2.580780567321337,2.580795380585756,2.580821935527451,2.6902499441886354,2.6902499441886354,1.0 1.0 1.0 -1.0 -1.0 -1.0 -1.0 1.0,2.6902499441886354,2.6582265205069002,2.6582265205069002,100351,1,75.78439675000845,0.2230578750022687,2.6902499441886354,1,0.0,0.029992222211808528,0.04241117464261612,0.042417157914715675,0.012046913020651306
endpoints,40.0,0.03,0.0,4.0,nom,0 1 10 11 12 13 14 23,2.577846541937659,2.577860166295914,2.577880977578556,2.6346872371353744,2.6346872371353744,1.0 1.0 -1.0 -1.0 -1.0 -1.0 -1.0 1.0,2.6346872371353744,2.6331341623956637,2.6331341623956637,100351,1,75.59518129198113,0.20237437498872168,2.6346872371353744,1,0.0,0.021433567064452985,0.022044279818759227,0.022049681496940865,0.0005898198283591505
endpoints,10.0,0.08,0.0,4.0,hat,0 1 2 3 4 5 6 23,1.2373901002623322,1.2373961069947508,1.237567270766908,1.7349693020186217,1.7349693020186217,1.0 1.0 1.0 -1.0 -1.0 -1.0 -1.0 1.0,1.7349693020186217,1.540749363395052,1.540749363395052,100351,1,64.01857254101196,0.17604637501062825,1.7349693020186217,1,0.0,0.24498231311520136,0.402113108495485,0.4021199148520749,0.1260555047029872
endpoints,10.0,0.08,0.0,4.0,nom,0 1 10 11 12 13 14 23,1.2241017593774235,1.2241075515396698,1.2242711380982263,1.654468161085678,1.654468161085678,1.0 1.0 -1.0 -1.0 -1.0 -1.0 -1.0 1.0,1.654468161085678,1.5276734199017228,1.5276734199017228,100351,1,64.23804674998973,0.173724083986599,1.654468161085678,1,0.0,0.247822783991134,0.35157091303350363,0.35157730834986967,0.08299859088476658
endpoints,40.0,0.08,0.0,4.0,hat,0 1 2 3 4 5 6 23,1.5807243853562365,1.5807341878799768,1.5809530445982731,2.494561568262784,2.494561568262784,1.0 1.0 1.0 -1.0 -1.0 -1.0 -1.0 1.0,2.494561568262784,2.016667330107805,2.016667330107805,100351,1,80.24928204200114,0.4005953749874607,2.494561568262784,1,0.0,0.27560229381780843,0.5781031291594947,0.578112915428076,0.23697227153941758
endpoints,40.0,0.08,0.0,4.0,nom,0 1 10 11 12 13 14 23,1.5637191807494255,1.5637286327506883,1.563937802148794,2.296704781839751,2.296704781839751,1.0 1.0 -1.0 -1.0 -1.0 -1.0 -1.0 1.0,2.296704781839751,1.9998904587488435,1.9998904587488435,100351,1,79.84216979099438,0.29043449999880977,2.296704781839751,1,0.0,0.27875319338215787,0.46873615647730094,0.4687450343475583,0.14841529034375123
endpoints,10.0,0.03,2.4000000000000004,2.0,hat,0 2 3 11 12 14 17 23,8.709578292543899,8.709827708284012,8.709903282484927,8.709941192269643,8.709941192269643,1.0 -1.0 1.0 1.0 -1.0 1.0 -1.0 -1.0,8.709941192269643,8.709941182163114,8.709941182163114,100351,1,57.252976666000905,0.09904075000667945,8.709941192269643,1,0.0,4.351331691854199e-06,1.3029417966992085e-05,4.166673902616935e-05,1.1603440430718592e-09
endpoints,10.0,0.03,2.4000000000000004,2.0,nom,0 4 9 10 11 16 17 23,8.644132202365757,8.644328999234755,8.644401634712708,8.671723339719989,8.671723339719989,-1.0 1.0 1.0 -1.0 1.0 -1.0 1.0 -1.0,8.671723339719989,8.671723328619693,8.671723328619693,100351,1,57.47188104101224,0.11336454199044965,8.671723339719989,1,0.0,0.0031606229166021294,0.003169053432332314,0.003191892107652139,1.2800565052373258e-09
endpoints,40.0,0.03,2.4000000000000004,2.0,hat,0 2 3 11 12 14 17 23,139.06899117137712,139.13260864199813,139.13397343634136,139.1345789395372,139.1345789395372,1.0 -1.0 1.0 1.0 -1.0 1.0 -1.0 -1.0,139.1345789395372,139.13457636057754,139.13457636057754,100351,1,63.93906658398919,0.08769470901461318,139.1345789395372,1,0.0,4.333407731316186e-06,1.416129229725449e-05,0.0004716203634442806,1.853572073606813e-08
endpoints,40.0,0.03,2.4000000000000004,2.0,nom,0 1 2 9 10 11 14 23,93.82368581613952,93.84195386770324,93.84286567555576,93.84289104763626,93.84289104763626,-1.0 1.0 -1.0 1.0 -1.0 1.0 1.0 -1.0,93.84289104763626,93.84289030607287,93.84289030607287,100351,1,75.26075950000086,0.14850250000017695,93.84289104763626,1,0.0,2.6246552620179386e-07,9.986790496130382e-06,0.0002046949161043088,7.902179799401665e-09
endpoints,10.0,0.08,2.4000000000000004,2.0,hat,0 1 2 3 4 11 12 23,3.9871367564773457,3.9876795022357503,3.988225603704824,3.99848902162196,3.99848902162196,1.0 1.0 -1.0 1.0 -1.0 1.0 -1.0 -1.0,3.99848902162196,3.9984889882391643,3.9984889882391643,100351,1,60.17130279200501,0.06437733300845139,3.99848902162196,1,0.0,0.0025734212540049484,0.00271072922990645,0.00284722241497537,8.348852720274635e-09
endpoints,10.0,0.08,2.4000000000000004,2.0,nom,0 4 9 10 11 16 17 23,3.769922613851638,3.7703778644952326,3.7708887449773454,3.857683084016179,3.8576830840161795,-1.0 1.0 1.0 -1.0 1.0 -1.0 1.0 -1.0,3.8576830840161795,3.857683054085483,3.857683054085483,100351,1,60.0154484170198,0.12795420899055898,3.8576830840161795,1,-1.1102230246251565e-16,0.023016937114292757,0.02315556229604465,0.02327911714741493,7.758723663542355e-09
endpoints,40.0,0.08,2.4000000000000004,2.0,hat,0 1 2 3 11 12 17 23,13.40296290564114,13.409215415991673,13.411082951259996,13.582191836755356,13.582191836755356,-1.0 -1.0 1.0 -1.0 -1.0 1.0 1.0 1.0,13.582191836755356,13.582191491982732,13.582191491982732,100351,1,79.54810833302327,0.126254083996173,13.582191836755356,1,0.0,0.012758741508392513,0.012899816685575383,0.013372336577816002,2.538416765673901e-08
endpoints,40.0,0.08,2.4000000000000004,2.0,nom,0 1 2 9 10 11 14 23,8.603824892795584,8.606044386034833,8.607226980621334,8.607228767198508,8.607228767198508,-1.0 1.0 -1.0 1.0 -1.0 1.0 1.0 -1.0,8.607228767198508,8.607228667417054,8.607228667417054,100351,1,79.60597462501028,0.1337045419786591,8.607228767198508,1,0.0,1.9597435074736325e-07,0.00013762201431322119,0.00039562339370413646,1.1592750537303687e-08
endpoints,10.0,0.03,6.0,1.0,hat,0 1 7 8 9 16 17 23,9.175487794826036,9.175555644761562,9.175637790027622,9.175638053786546,9.175638053786546,1.0 -1.0 -1.0 1.0 -1.0 1.0 -1.0 1.0,9.175638053786546,9.17563805192664,9.17563805192664,100351,1,57.254691124981036,0.11851249999017455,9.175638053786546,1,0.0,2.854286806908135e-08,8.981366161897597e-06,1.637612777316555e-05,2.0270052303317243e-10
endpoints,10.0,0.03,6.0,1.0,nom,0 4 5 9 11 16 17 23,9.171614711198153,9.17166820336899,9.17174788532199,9.171749475371302,9.171749475371302,1.0 -1.0 1.0 -1.0 -1.0 1.0 -1.0 1.0,9.171749475371302,9.171749473694808,9.171749473694808,100351,1,57.3761337089818,0.1046298329893034,9.171749475371302,1,0.0,1.7318103795460615e-07,8.86120174747873e-06,1.469361474426556e-05,1.8278889513112517e-10
endpoints,40.0,0.03,6.0,1.0,hat,0 7 8 11 12 19 22 23,765.2706268841455,765.7129930147197,765.7213284410311,765.7219983488286,765.7219983488286,-1.0 1.0 -1.0 -1.0 1.0 -1.0 1.0 1.0,765.7219983488286,765.7219847881341,765.7219847881341,100351,1,64.4498446250218,0.06810737500200048,765.7219983488286,1,0.0,8.571618401731484e-07,1.1760717385067565e-05,0.0005898194035238724,1.7709684163591533e-08
endpoints,40.0,0.03,6.0,1.0,nom,0 1 2 5 9 11 14 23,536.8967501711446,537.0872089048687,537.0931103857167,537.0935400756894,537.0935400756894,1.0 -1.0 1.0 1.0 -1.0 -1.0 -1.0 1.0,537.0935400756894,537.093536334574,537.093536334574,100351,1,63.74716925001121,0.08567945897812024,537.0935400756894,1,0.0,7.930633423303135e-07,1.178797542689125e-05,0.0003665321209003203,6.9654819689901615e-09
endpoints,10.0,0.08,6.0,1.0,hat,0 1 7 8 11 12 14 23,5.247414930132555,5.247655671587618,5.248361341856577,5.2483767813221105,5.2483767813221105,-1.0 1.0 -1.0 1.0 1.0 -1.0 1.0 -1.0,5.2483767813221105,5.24837677368919,5.24837677368919,100351,1,60.21922833402641,0.08305908300098963,5.2483767813221105,1,0.0,2.940314435040392e-06,0.00013741559652946655,0.0001833000062625434,1.454339093598378e-09
endpoints,10.0,0.08,6.0,1.0,nom,0 4 5 9 11 16 17 23,5.199284436817685,5.199464689458243,5.200169887005412,5.2044187512160915,5.2044187512160915,1.0 -1.0 1.0 -1.0 -1.0 1.0 -1.0 1.0,5.2044187512160915,5.204418744261912,5.204418744261912,100351,1,60.183123791008256,0.07104524999158457,5.2044187512160915,1,0.0,0.0008170612400792976,0.000952802269797548,0.0009875040422964165,1.336206700841558e-09
endpoints,40.0,0.08,6.0,1.0,hat,0 7 8 11 12 19 22 23,78.56751754322359,78.62510588281822,78.63630560339448,78.63672842935556,78.63672842935556,-1.0 -1.0 1.0 1.0 -1.0 1.0 1.0 -1.0,78.63672842935556,78.63672647891111,78.63672647891111,100351,1,75.31909791700309,0.08149187499657273,78.63672842935556,1,0.0,5.352178149786724e-06,0.00014782233240695497,0.0008809096722941501,2.4803225251446293e-08
endpoints,40.0,0.08,6.0,1.0,nom,0 1 2 5 9 11 14 23,49.910186937803736,49.93043695146724,49.93747109279316,49.93758180736345,49.93758180736345,1.0 -1.0 1.0 1.0 -1.0 -1.0 -1.0 1.0,49.93758180736345,49.93758136832045,49.93758136832045,100351,1,75.34751608298393,0.12209650001022965,49.93758180736345,1,0.0,2.208272162684821e-06,0.00014309620208519114,0.0005488833290456796,8.791835481858357e-09
free,10.0,0.03,0.0,1.0,hat,0 1 2 3 4 5 6 7,0.9300699394234734,0.9300740340375262,0.9300832512769376,0.987990427685378,0.9879904276853779,1.0 1.0 1.0 1.0 -1.0 -1.0 -1.0 -1.0,0.9879904276853779,0.9577550513059677,0.9577550513059677,100351,1,79.93932729199878,0.44462595900404267,0.9879904276853779,1,2.220446049250313e-16,0.029751960365955066,0.06227073493970359,0.062275411565078764,0.031569007480756195
free,10.0,0.03,0.0,1.0,nom,0 1 10 11 12 13 14 23,0.928413166668543,0.9284184096105872,0.9284258917143338,0.9850241000994964,0.9850241000994965,1.0 1.0 -1.0 -1.0 -1.0 -1.0 -1.0 1.0,0.9850241000994965,0.9567817623522431,0.9567817623522431,100351,1,80.36545454201405,0.5333694579894654,0.9850241000994965,1,-1.1102230246251565e-16,0.030541878345885287,0.06097002160120013,0.06097601311934464,0.029518056111165647
free,40.0,0.03,0.0,1.0,hat,0 1 2 3 4 5 6 7,1.0333368500777078,1.0333419044334236,1.0333521602227185,1.105329574285466,1.105329574285466,1.0 1.0 1.0 1.0 -1.0 -1.0 -1.0 -1.0,1.105329574285466,1.0655069400956299,1.0655069400956299,100351,1,73.3389731250063,0.43435287498869,1.105329574285466,1,0.0,0.03111696197159075,0.06966490911012935,0.06967014115711101,0.037374354583051383
free,40.0,0.03,0.0,1.0,nom,0 1 10 11 12 13 14 23,1.031479797512189,1.0314862691499451,1.0314945969037703,1.1011898383330236,1.1011898383330236,1.0 1.0 -1.0 -1.0 -1.0 -1.0 -1.0 1.0,1.1011898383330236,1.064472479462564,1.064472479462564,100351,1,70.80250762499054,0.40875162501470186,1.1011898383330236,1,0.0,0.03197096975377578,0.06757585754439721,0.06758255565350613,0.03449347876893705
free,10.0,0.08,0.0,1.0,hat,0 1 2 3 4 5 6 7,0.571860405224617,0.5718627601456657,0.5719408351334374,0.91821021480789,0.9182102148078899,1.0 1.0 1.0 1.0 -1.0 -1.0 -1.0 -1.0,0.9182102148078899,0.7206196782567339,0.7206196782567339,100351,1,77.13172062498052,0.29260825001983903,0.9182102148078899,1,2.220446049250313e-16,0.2599549358783042,0.6056478560940077,0.6056544681515985,0.274195310665331
free,10.0,0.08,0.0,1.0,nom,0 1 10 11 12 13 14 23,0.5631734057252537,0.5631777956139729,0.5632530971500178,0.910286260066956,0.9102862600669561,1.0 1.0 1.0 -1.0 -1.0 -1.0 -1.0 1.0,0.9102862600669561,0.7148158404541042,0.7148158404541042,100351,1,77.65850412499276,0.3511231250013225,0.9102862600669561,1,-1.1102230246251565e-16,0.26908461590530575,0.6163390445366685,0.6163516437618197,0.27345563507472725
free,40.0,0.08,0.0,1.0,hat,0 1 2 3 4 5 6 7,0.6353544022844839,0.6353573091743749,0.6354440902773874,1.093676728977625,1.093676728977625,1.0 1.0 1.0 1.0 -1.0 -1.0 -1.0 -1.0,1.093676728977625,0.8093939250943715,0.8093939250943715,100351,1,66.52907991601387,0.38926995897782035,1.093676728977625,1,0.0,0.2737453026607748,0.7213569643179527,0.7213648399148487,0.3512292285244265
free,40.0,0.08,0.0,1.0,nom,0 1 10 11 12 13 14 23,0.6256931532746445,0.6256985719410619,0.6257822694482366,1.0810708159439686,1.0810708159439686,1.0 1.0 -1.0 -1.0 -1.0 -1.0 -1.0 1.0,1.0810708159439686,0.8032115129650752,0.8032115129650752,100351,1,66.19451237501926,0.433968500001356,1.0810708159439686,1,0.0,0.2835319122628406,0.7277821373161144,0.7277971003614909,0.3459354086611246
free,10.0,0.03,0.0,4.0,hat,0 1 2 3 4 5 6 7,2.02138765514947,2.021396201681742,2.021416198195125,2.084876964390576,2.0848769643905762,1.0 1.0 1.0 1.0 -1.0 -1.0 -1.0 -1.0,2.0848769643905762,2.074815183239628,2.074815183239628,100351,1,77.59937020900543,0.42927912500454113,2.0848769643905762,1,-2.220446049250313e-16,0.02641662072965567,0.03140441376906722,0.031408774600639955,0.004849483092386864
free,10.0,0.03,0.0,4.0,nom,0 1 10 11 12 13 14 23,2.0179744840097107,2.017982832977331,2.0179990606201668,2.054879056355174,2.054879056355174,1.0 1.0 -1.0 -1.0 -1.0 -1.0 -1.0 1.0,2.054879056355174,2.054833299360933,2.054833299360933,100351,1,77.5650383750035,0.5905397909809835,2.054879056355174,1,0.0,0.018252852273105802,0.018283715190681837,0.018287928136798914,2.2267983614820963e-05
free,40.0,0.03,0.0,4.0,hat,0 1 2 3 4 5 6 7,2.58224219938751,2.58225614652803,2.5822817731175194,2.6867521424967435,2.6867521424967435,1.0 1.0 1.0 1.0 -1.0 -1.0 -1.0 -1.0,2.6867521424967435,2.6580786086396344,2.6580786086396344,100351,1,70.77270366702578,0.2543605410028249,2.6867521424967435,1,0.0,0.029352658687826993,0.04046693667830503,0.04047255642171077,0.01078731598227023
free,40.0,0.03,0.0,4.0,nom,0 1 10 11 12 13 14 23,2.577846541937659,2.577860166295914,2.577880977578556,2.6346872371353744,2.6346872371353744,1.0 1.0 -1.0 -1.0 -1.0 -1.0 -1.0 1.0,2.6346872371353744,2.6331341623956637,2.6331341623956637,100351,1,70.33711904200027,0.18635066601564176,2.6346872371353744,1,0.0,0.021433567064452985,0.022044279818759227,0.022049681496940865,0.0005898198283591505
free,10.0,0.08,0.0,4.0,hat,0 1 2 3 4 5 6 7,1.2428701355614855,1.2428750213695776,1.2430446169396066,1.7304743273275018,1.7304743273275018,1.0 1.0 1.0 1.0 -1.0 -1.0 -1.0 -1.0,1.7304743273275018,1.5443761855953326,1.5443761855953326,100351,1,73.55329833301948,0.22167358300066553,1.7304743273275018,1,0.0,0.24241412138335683,0.3923156371914349,0.39232111048008544,0.12050052536936229
free,10.0,0.08,0.0,4.0,nom,0 1 10 11 12 13 14 23,1.2241017593774235,1.2241075515396698,1.2242711380982263,1.654468161085678,1.654468161085678,1.0 1.0 -1.0 -1.0 -1.0 -1.0 -1.0 1.0,1.654468161085678,1.5276734199017228,1.5276734199017228,100351,1,73.45387683299487,0.2205918749968987,1.654468161085678,1,0.0,0.247822783991134,0.35157091303350363,0.35157730834986967,0.08299859088476658
free,40.0,0.08,0.0,4.0,hat,0 1 2 3 4 5 6 7,1.587716150481609,1.587724123652965,1.587940976404992,2.4804787606760548,2.4804787606760548,1.0 1.0 1.0 1.0 -1.0 -1.0 -1.0 -1.0,2.4804787606760548,2.020346547919021,2.020346547919021,100351,1,65.55386300000828,0.30416770800366066,2.4804787606760548,1,0.0,0.27230582114769164,0.5622857420400464,0.5622935875053232,0.22774915186257294
free,40.0,0.08,0.0,4.0,nom,0 1 10 11 12 13 14 23,1.5637191807494255,1.5637286327506883,1.563937802148794,2.296704781839751,2.296704781839751,1.0 1.0 -1.0 -1.0 -1.0 -1.0 -1.0 1.0,2.296704781839751,1.9998904587488435,1.9998904587488435,100351,1,29.841106582985958,0.21637091701268218,2.296704781839751,1,0.0,0.27875319338215787,0.46873615647730094,0.4687450343475583,0.14841529034375123
free,10.0,0.03,2.4000000000000004,2.0,hat,0 1 2 3 4 8 9 15,8.738440689162978,8.738664997207177,8.738746421075867,8.780702654220823,8.780702654220823,-1.0 1.0 1.0 -1.0 1.0 -1.0 1.0 1.0,8.780702654220823,8.780702642807169,8.780702642807169,100351,1,77.12845208399813,0.15410049998899922,8.780702654220823,1,0.0,0.00480117166806826,0.004810535365193713,0.004836327962980391,1.2998566667477007e-09
free,10.0,0.03,2.4000000000000004,2.0,nom,6 8 12 13 17 18 19 20,8.704248856836323,8.704485065741034,8.704553245439246,8.747488710874272,8.747488710874272,-1.0 1.0 -1.0 1.0 -1.0 1.0 -1.0 -1.0,8.747488710874272,8.747488700758286,8.747488700758286,100351,1,77.0357380839996,0.16362379200290889,8.747488710874272,1,0.0,0.004932528311149653,0.004940400817331714,0.004967672081662711,1.1564447177647708e-09
free,40.0,0.03,2.4000000000000004,2.0,hat,1 2 3 4 5 9 10 16,144.05634485027778,144.11422023888244,144.1156722193437,144.80285562235412,144.80285562235412,1.0 -1.0 1.0 1.0 -1.0 1.0 -1.0 1.0,144.80285562235412,144.8028525433585,144.8028525433585,100351,1,70.51828366701375,0.18625804199837148,144.80285562235412,1,0.0,0.0047682553426176,0.004778399954773471,0.005182074922504887,2.1263362848245038e-08
free,40.0,0.03,2.4000000000000004,2.0,nom,0 1 2 8 9 15 16 17,141.76706386775572,141.82229389423873,141.82370649631702,142.50497145710554,142.50497145710554,1.0 -1.0 -1.0 1.0 -1.0 -1.0 1.0 -1.0,142.50497145710554,142.50496839435235,142.50496839435235,100351,1,70.1500943749852,0.1679443330212962,142.50497145710554,1,0.0,0.004803582665166228,0.00481361247319767,0.005205070692852587,2.1492255530830562e-08
free,10.0,0.08,2.4000000000000004,2.0,hat,0 1 2 3 4 5 6 7,4.056184268603364,4.056772132557563,4.057327806937249,4.061215668902985,4.061215668902985,-1.0 1.0 -1.0 1.0 1.0 -1.0 1.0 -1.0,4.061215668902985,4.061215633927001,4.061215633927001,100351,1,73.41180475000874,0.09232054199674167,4.061215668902985,1,0.0,0.0009582235339979928,0.0010953379189728718,0.001240426954605356,8.612195623314278e-09
free,10.0,0.08,2.4000000000000004,2.0,nom,6 8 12 13 17 18 19 20,3.86968937131404,3.870120456818522,3.8706421271043983,4.009582196752344,4.009582196752344,-1.0 1.0 -1.0 1.0 -1.0 1.0 -1.0 1.0,4.009582196752344,4.009582164525898,4.009582164525898,100351,1,72.95648629200878,0.08077537501230836,4.009582196752344,1,0.0,0.035895862458728445,0.03603550367227282,0.03615091859189734,8.03735766830016e-09
free,40.0,0.08,2.4000000000000004,2.0,hat,0 1 2 3 4 5 6 7,13.930809830505176,13.93774644348498,13.939688715368469,13.985677928882517,13.985677928882517,-1.0 1.0 -1.0 1.0 1.0 -1.0 1.0 -1.0,13.985677928882517,13.985677514093576,13.985677514093576,100351,1,65.65936916699866,0.13406554199173115,13.985677928882517,1,0.0,0.003299126663739882,0.00343896953441436,0.003938615130413492,2.9658122846498713e-08
free,40.0,0.08,2.4000000000000004,2.0,nom,0 1 2 8 9 15 16 17,12.731499101003958,12.73591545142111,12.737672309029636,13.682340183154706,13.682340183154706,1.0 -1.0 -1.0 1.0 -1.0 -1.0 1.0 -1.0,13.682340183154706,13.682339825795687,13.682339825795687,100351,1,65.73706670899992,0.1107936670014169,13.682340183154706,1,0.0,0.07416327676261414,0.07431148042271207,0.07468414164014403,2.6118267992814026e-08
free,10.0,0.03,6.0,1.0,hat,0 2 3 4 5 6 12 19,9.193718961661432,9.19378461096061,9.193869243274175,9.193885617286377,9.193885617286377,1.0 1.0 -1.0 -1.0 1.0 -1.0 1.0 -1.0,9.193885617286377,9.193885614862518,9.193885614862518,100351,1,79.91101883299416,0.2378820839803666,9.193885617286377,1,0.0,1.780707111320723e-06,1.0986370688526037e-05,1.8127117615840405e-05,2.6363800031958817e-10
free,10.0,0.03,6.0,1.0,nom,6 7 8 9 13 14 18 20,9.18390242695609,9.183969085712436,9.184039219052504,9.190525140944375,9.190525140944375,1.0 -1.0 1.0 -1.0 1.0 -1.0 1.0 -1.0,9.190525140944375,9.190525138884208,9.190525138884208,100351,1,77.52285620800103,0.16981204101466574,9.190525140944375,1,0.0,0.000706216478066457,0.000713858591068206,0.0007211219893676901,2.241620222775964e-10
free,40.0,0.03,6.0,1.0,hat,0 2 6 13 14 16 17 20,857.2770422249793,857.9013384875288,857.9106796425827,857.9108806847277,857.9108806847277,-1.0 1.0 -1.0 -1.0 1.0 -1.0 1.0 1.0,857.9108806847277,857.9108592715036,857.9108592715036,100351,1,70.97433362499578,0.11307712498819456,857.9108806847277,1,0.0,2.093795135049703e-07,1.1122720959599874e-05,0.0007393624563925005,2.4959730726692442e-08
free,40.0,0.03,6.0,1.0,nom,0 1 2 5 12 19 21 22,734.7391045657788,735.1247163979078,735.1334679664205,735.1341355592957,735.1341355592957,-1.0 1.0 -1.0 -1.0 1.0 1.0 -1.0 1.0,735.1341355592957,735.1341229803023,735.1341229803023,100351,1,71.22467662501731,0.11520116697647609,735.1341355592957,1,0.0,8.910135509410111e-07,1.2813011422085907e-05,0.0005376479774414911,1.711115427127652e-08
free,10.0,0.08,6.0,1.0,hat,0 2 3 4 5 6 12 19,5.315520732467641,5.315776910877093,5.316498519980554,5.316534723782356,5.316534723782356,1.0 1.0 -1.0 -1.0 1.0 -1.0 1.0 -1.0,5.316534723782356,5.31653471398248,5.31653471398248,100351,1,73.06278595799813,0.1019557910040021,5.316534723782356,1,0.0,6.807864572966338e-06,0.00014255920027639313,0.00019076048533150924,1.8432826376368894e-09
free,10.0,0.08,6.0,1.0,nom,6 7 8 9 13 14 18 20,5.233925500306586,5.234185495936294,5.234882797136759,5.2607623675490505,5.2607623675490505,1.0 -1.0 1.0 -1.0 1.0 -1.0 1.0 -1.0,5.2607623675490505,5.260762358998639,5.260762358998639,100351,1,73.1157900840044,0.10621387499850243,5.2607623675490505,1,0.0,0.004943675506170919,0.00507755631385054,0.005127483614524753,1.6253178802827506e-09
free,40.0,0.08,6.0,1.0,hat,0 1 2 4 8 15 16 22,82.00660019829961,82.07134418704818,82.08311492385408,83.22291643908338,83.22291643908338,-1.0 1.0 -1.0 1.0 -1.0 -1.0 1.0 1.0,83.22291643908338,83.22291436582334,83.22291436582334,100351,1,66.3694682920177,0.07693516602739692,83.22291643908338,1,0.0,0.013885918474543901,0.01403135605298056,0.014831931062165848,2.4912129692467033e-08
free,40.0,0.08,6.0,1.0,nom,0 1 2 5 12 19 21 22,68.78936603236116,68.82735125259539,68.83726675578878,68.83812967422983,68.83812967422983,-1.0 1.0 -1.0 -1.0 1.0 1.0 -1.0 1.0,68.83812967422983,68.83812821194495,68.83812821194495,100351,1,66.2520089999889,0.06907020800281316,68.83812967422983,1,0.0,1.2514386418471801e-05,0.00015660084891089276,0.0007088834318627057,2.1242368530849376e-08
