control,snr_db,sigma2,eps_over_lambda,xP,yP,alpha_db_m,q,family_size,S_nom,S_hat,L_hat,U_hat,L_nom,U_nom,Gamma,swap_L,swap_Gamma,incumbent_improvement,selection_gap,U_star,rival_U,margin,unique,global_gap,bracket_hat,survivors,n_eval,capped,exact,nom_slnr_nom,nom_slnr_hat,nominal_sacrifice,GD_nom_wit,IP_nom_wit,GD_hat_wit,IP_hat_wit,F_end,Ibar_hat,gcs_seconds,setup_seconds,case_seconds,case_seconds_amortized
endpoints,30.0,0.000888858741621725,0.01,0.0,1.0,0.0,0.0,74613,0 1 10 11 12 13 14 23,0 1 2 3 4 5 6 23,1.100948505615499,1.1081520219746124,1.1008222417217308,1.106848785710789,-0.005330701150384254,1.100948505615499,-0.005330701150384254,0.0,0.0,1.1087079913215119,1.1087079913215119,-0.007759485706012814,0,0.007048000579895186,1.0065430093436443,74613,74613,0,1,1.11017508944747,1.109927898798595,0.0002226591564020719,0.8818629826961847,0.7958441675586924,0.8813033085668663,0.7944021221803595,0.799469253723146,0.7996043608318594,2.4143958750064485,0.19586337500368245,2.935714667022694,3.1315786670020316
endpoints,30.0,0.000888858741621725,0.01,6.0,1.0,0.0,0.0,74613,0 1 2 5 9 11 14 23,0 1 7 9 16 17 21 23,875.6452950471382,875.7066030464861,835.6467151860505,835.6981043471458,0.047800982785762836,835.6467151860505,-6.149249451203875e-05,0.047865418644267965,0.047865418644267965,875.7066030464855,872.5404406488659,3.104854398272323,1,7.001465056011291e-05,1.0000700146505608,21,21,0,1,999.5202902604813,999.1584135236244,0.00036205041596759635,0.8813530118577243,0.0001657721200172928,0.8812695272600084,0.00011749375611458257,0.0001174937561145826,0.00011756300026500167,0.06317625002702698,0.20145374999265186,0.4205527910089586,0.6220079580089077
endpoints,30.0,0.000888858741621725,0.01,3.0,2.0,0.0,0.0,74613,0 3 4 9 13 17 19 23,0 3 4 9 13 17 19 23,630.7502765631766,630.8639639458517,630.7502765631766,630.8639639458517,-0.00018020902947757378,630.7502765631766,-0.00018020902947757378,0.0,0.0,630.8639639458519,627.2992951947917,3.4509813683848733,1,0.00018024151062556726,1.0001802415106253,1,1,0,1,999.6243551450524,999.6243551450524,0.0,0.8813204841752244,0.000508146848399375,0.8813204841752244,0.000508146848399375,0.000508146848399375,0.0005083970588028472,0.14621241699205711,0.20208354201167822,0.5263523329922464,0.7284367920074146
endpoints,30.0,0.000888858741621725,0.02,0.0,1.0,0.0,0.0,74613,0 1 10 11 12 13 14 23,0 1 2 3 4 5 6 23,1.07465213140261,1.106352271736664,1.0740698634719075,1.1034796483339804,-0.026124194474174245,1.07465213140261,-0.026124194474174245,0.0,0.0,1.1075291560266003,1.1075291560266003,-0.032877024623990225,0,0.03059317863267985,1.0294980481662281,74613,74613,0,1,1.11017508944747,1.109927898798595,0.0002226591564020719,0.8618217373733484,0.7801148857991281,0.8602570183421919,0.7766727193548635,0.7994711324676691,0.7996055433528437,2.442760208999971,0.20118662499589846,2.931913040985819,3.1331004159874283
endpoints,30.0,0.000888858741621725,0.02,6.0,1.0,0.0,0.0,74613,0 1 2 5 9 11 14 23,0 1 7 9 16 17 21 23,638.6550396457483,638.7917882986973,559.1261259969964,559.2184598258309,0.14204928042729126,605.39869283937,0.08257995100505444,0.05493296764550859,0.05493296764550859,638.7917882986972,636.8918147377187,1.7632249080295423,1,0.00021411974299101466,1.0002141197429912,15,15,0,1,999.5202902604813,999.1584135236244,0.00036205041596759635,0.8601121603203746,0.0006492023599167638,0.859763456525219,0.000457062530808903,0.00045706253080890323,0.00045734514177068217,0.11744141700910404,0.19305066598462872,0.5297932499961462,0.7228444989596028
endpoints,30.0,0.000888858741621725,0.02,3.0,2.0,0.0,0.0,74613,0 3 4 9 13 17 19 23,0 3 4 9 13 17 19 23,295.13121511801074,295.23310179277956,295.13121511801074,295.23310179277956,-0.0003451058643157978,295.13121511801074,-0.0003451058643157978,0.0,0.0,295.2331017927796,293.9255689813262,1.2056461366845497,1,0.0003452250034892135,1.000345225003489,1,1,0,1,999.6243551450524,999.6243551450524,0.0,0.8598688973204932,0.0020236496867997752,0.8598688973204932,0.0020236496867997752,0.0020236496867997744,0.0020246421042739056,0.12411791697377339,0.1936898749845568,0.5104432500083931,0.7041338749986608
endpoints,30.0,0.000888858741621725,0.03,0.0,1.0,0.0,0.0,74613,0 1 10 11 12 13 14 23,0 1 2 3 4 5 6 23,1.0317597054780263,1.1044974075629572,1.0304492206096019,1.100021121643754,-0.062054641336091065,1.0317597054780263,-0.062054641336091065,0.0,0.0,1.1062967335753604,1.1062967335753604,-0.07453702809733409,0,0.0722426236473348,1.0704986846246634,74613,74613,0,1,1.11017508944747,1.109927898798595,0.0002226591564020719,0.8291426033913503,0.7528626711857019,0.825927477063437,0.7468969408518994,0.7994690280698049,0.7996067240425258,2.3847804999968503,0.23421216697897762,2.8733252079982776,3.107538249954814
endpoints,30.0,0.000888858741621725,0.03,6.0,1.0,0.0,0.0,74613,0 1 2 5 9 11 14 23,0 7 8 11 12 19 22 23,439.1863197219727,439.33672532229286,353.1479207834647,353.2342407203683,0.24332884271444932,414.01014147215733,0.17205551938522645,0.060810535124315335,0.060810535124315335,439.33672532229275,432.60963974669806,6.576679975274658,1,0.00034246421977623953,1.0003424642197767,14,14,0,1,999.5202902604813,983.9636752843862,0.015564081217441683,0.8254720648386883,0.0014480383359528096,0.8245430501859575,0.0009879318899401626,0.0009879318899401622,0.0009885567743178954,0.08858762501040474,0.193201041984139,0.402363958011847,0.5955662500055041
endpoints,30.0,0.000888858741621725,0.03,3.0,2.0,0.0,0.0,74613,0 3 4 9 13 17 19 23,0 1 4 9 12 13 17 23,154.84694352469364,154.92119246573785,152.11769518643897,152.181381795468,0.017515688829847553,154.84694352469364,0.017515688829847553,0.0,0.0,154.92119246573776,154.3440695041128,0.5028740205808333,1,0.0004794989126297722,1.0004794989126302,1,1,0,1,999.6243551450524,957.0604860364564,0.042579864015437785,0.8248933146068504,0.004531602716111049,0.8251382499917114,0.004437321859358336,0.004437321859358338,0.004439824236930771,0.11669754202011973,0.20102383301127702,0.4864682079933118,0.6874930830090307
endpoints,30.0,0.000888858741621725,0.04,0.0,1.0,0.0,0.0,74613,0 1 10 11 12 13 14 23,0 1 2 3 4 5 6 23,0.973639848051958,1.1025516434605533,0.9713766243807685,1.096422221635103,-0.11198457233020931,0.973639848051958,-0.11198457233020931,0.0,0.0,1.104987429356722,1.104987429356722,-0.13134758130476387,0,0.13490366234245843,1.1324019304124824,74613,74613,0,1,1.11017508944747,1.109927898798595,0.0002226591564020719,0.7848855969567202,0.7149718575672964,0.7794108553555603,0.7060266494600997,0.799464181511816,0.7996079029008897,2.3787596249894705,0.23051854100776836,2.8267813750135247,3.0573008329956792
endpoints,30.0,0.000888858741621725,0.04,6.0,1.0,0.0,0.0,74613,0 1 2 5 9 11 14 23,0 7 8 11 12 19 22 23,302.1123425945577,302.2495511526672,225.7774182657553,225.8446014031141,0.3377000854464167,284.5223378004347,0.25981465145844074,0.06182293077621459,0.06182293077621459,302.24955115266727,292.49445247583606,9.617890118721618,1,0.00045416402696840663,1.0004541640269682,11,11,0,1,999.5202902604813,983.9636752843862,0.015564081217441683,0.778549031643038,0.002558418841309699,0.7769129887045094,0.0016815767999420349,0.0016815767999420349,0.0016826932862810352,0.09876987498137169,0.17723537498386577,0.4657149170234334,0.642950874986127
endpoints,30.0,0.000888858741621725,0.04,3.0,2.0,0.0,0.0,74613,0 3 4 9 13 17 19 23,0 1 4 9 12 13 17 23,89.42847787739639,89.474361772603,87.36307956397822,87.40310473478308,0.023172782577451034,89.42847787739639,0.023172782577451034,0.0,0.0,89.47436177260307,89.40857957869788,0.019898298698507233,1,0.0005130792371261794,1.0005130792371253,1,1,0,1,999.6243551450524,957.0604860364564,0.042579864015437785,0.777532033491343,0.00800707276848532,0.7779470020534166,0.007805777203706958,0.007805777203706955,0.007810063784051632,0.12379362501087599,0.1793570000154432,0.490367457998218,0.6697251250152476
endpoints,30.0,0.000888858741621725,0.05,0.0,1.0,0.0,0.0,74613,0 1 10 11 12 13 14 23,0 1 2 3 4 5 6 23,0.9021476464381548,1.100471634901381,0.8987706989250219,1.092625012523501,-0.17433004361251458,0.9021476464381548,-0.17433004361251458,0.0,0.0,1.1035695221732313,1.1035695221732313,-0.20142187573507653,0,0.22326930245877952,1.2198353997222582,74613,74613,0,1,1.11017508944747,1.109927898798595,0.0002226591564020719,0.730486269604985,0.6676719569382894,0.7221924479877703,0.6553683541510029,0.7994554528606352,0.7996090799279183,2.398335459001828,0.2151422500028275,2.853098999999929,3.068242250010371
endpoints,30.0,0.000888858741621725,0.05,6.0,1.0,0.0,0.0,74613,0 1 2 5 9 11 14 23,0 7 8 11 12 19 22 23,208.48969212356164,208.6031152928905,148.15692093345015,148.2073410138236,0.4067433549335142,193.12490588969123,0.3030724697481624,0.07955880243973534,0.07955880243973534,208.60311529289052,202.21310831580578,6.276583807755856,1,0.0005440229115099005,1.00054402291151,14,14,0,1,999.5202902604813,983.9636752843862,0.015564081217441683,0.7208551746057626,0.003974970335094029,0.718393686530015,0.0025549713542104965,0.0025549713542104956,0.0025567197848746855,0.07112966699060053,0.17979824999929406,0.4025107079942245,0.5823092909995466
endpoints,30.0,0.000888858741621725,0.05,3.0,2.0,0.0,0.0,74613,0 3 4 9 13 17 19 23,0 1 4 8 9 12 13 23,55.57400718499342,55.60399642291999,54.04108678853583,54.06748919641997,0.027863657272866327,55.57400718499342,0.027863657272866327,0.0,0.0,55.60399642291999,55.52739141429275,0.04661577070066869,1,0.0005396270567055161,1.0005396270567055,1,1,0,1,999.6243551450524,945.2299471675245,0.05441484863545054,0.7193264287485905,0.012415373421543346,0.7205556684244717,0.012069844135487633,0.012069844135487633,0.012076400370275485,0.12119862498366274,0.1878004579921253,0.45779329098877497,0.6455943329783622
endpoints,30.0,0.000888858741621725,0.06,0.0,1.0,0.0,0.0,74613,0 1 10 11 12 13 14 23,0 1 2 3 4 5 6 23,0.8195654657313488,1.098202153734884,0.8149900895548692,1.0885616310159114,-0.247111562285655,0.8195654657313488,-0.247111562285655,0.0,0.0,1.1020016532955919,1.1020016532955919,-0.28243618756424305,0,0.3446169944608486,1.3399810017066673,74613,74613,0,1,1.11017508944747,1.109927898798595,0.0002226591564020719,0.6677091248827043,0.6124977478206157,0.6560992305274059,0.5965414306600819,0.7994437781488329,0.7996102551235972,1.7619965829944704,0.19753999999375083,2.195584000000963,2.393124499998521
endpoints,30.0,0.000888858741621725,0.06,6.0,1.0,0.0,0.0,74613,0 1 2 5 9 11 14 23,0 7 8 11 12 19 22 23,144.78719670126674,144.8771189024493,99.39587672216652,99.43469924606298,0.45610333011591475,132.4878025504378,0.3324101501285883,0.09283416219501861,0.09283416219501861,144.8771189024493,140.68787826100038,4.099318440266359,1,0.0006210645915611934,1.0006210645915612,18,18,0,1,999.5202902604813,983.9636752843862,0.015564081217441683,0.6542496667835455,0.005690832973083691,0.6509011793686071,0.0036039223427873396,0.0036039223427873396,0.0036064378344241904,0.07994683299330063,0.17287812498398125,0.45917195797665045,0.6320504579634871
endpoints,30.0,0.000888858741621725,0.06,3.0,2.0,0.0,0.0,74613,0 3 4 9 13 17 19 23,0 1 4 8 9 12 13 23,36.175644239563006,36.196117744290405,35.04231859331034,35.06054876929019,0.031804849308278094,36.175644239563006,0.031804849308278094,0.0,0.0,36.1961177442904,36.085889790524995,0.08975444903801133,1,0.0005659472044730052,1.0005659472044732,1,1,0,1,999.6243551450524,945.2299471675245,0.05441484863545054,0.6521707727591227,0.017712412363705757,0.6538269756394947,0.017174597131146004,0.017174597131146007,0.017183789478776447,0.10566262499196455,0.18525879198568873,0.4302109160053078,0.6154705419903621
endpoints,30.0,0.000888858741621725,0.07,0.0,1.0,0.0,0.0,74613,0 1 10 11 12 13 14 23,0 1 2 3 4 5 6 23,0.728530095072835,1.0956694573336396,0.7227568519835887,1.0841508134284203,-0.3280177572629427,0.728530095072835,-0.3280177572629427,0.0,0.0,1.1002274737643356,1.1002274737643356,-0.37169737869150066,0,0.5102018176124079,1.5039453616862593,74613,74613,0,1,1.11017508944747,1.109927898798595,0.0002226591564020719,0.5985903614915797,0.5512394559516559,0.5832415028682343,0.5314263381130743,0.7994285582974393,0.7996114284879086,1.758906625007512,0.19583491701632738,2.1725523329805583,2.3683878750016447
endpoints,30.0,0.000888858741621725,0.07,6.0,1.0,0.0,0.0,74613,0 1 2 5 9 11 14 23,0 7 8 11 12 19 22 23,100.87841321588473,100.94906111517984,67.61944206901781,67.64982775731649,0.4911850711249519,90.7674744315046,0.3417251372334482,0.11139385388551393,0.11139385388551393,100.9490611151799,98.17536790035564,2.7030453155290957,1,0.0007003272260437399,1.000700327226043,27,27,0,1,999.5202902604813,983.9636752843862,0.015564081217441683,0.5808788041577848,0.007697693854514951,0.5766452534657939,0.0048233811454621075,0.004823381145462105,0.004826827095349809,0.11540037498343736,0.2082856249762699,0.5977637920004781,0.8060500419815071
endpoints,30.0,0.000888858741621725,0.07,3.0,2.0,0.0,0.0,74613,0 3 4 9 13 17 19 23,0 1 4 14 15 19 20 23,24.203978352564476,24.215817027319925,23.365587212210347,23.378780097963627,0.0352968910757121,24.19821197564094,0.03505024104096388,0.00023829764485649996,0.00023829764485649996,24.215817027319936,24.212627729859136,-0.008649377294659644,0,0.0004891210272548463,1.0004891210272544,2,2,0,1,999.6243551450524,676.8534776262426,0.32289217030128636,0.5782505680878818,0.023845133608058205,0.5772810105400681,0.022950147387669234,0.022950147387669234,0.022959577306817597,0.10696279199328274,0.18031154197524302,0.43829879199620336,0.6186108339752536
endpoints,30.0,0.000888858741621725,0.08,0.0,1.0,0.0,0.0,74613,0 1 10 11 12 13 14 23,0 1 2 3 4 5 6 23,0.6319485544581258,1.0927705283595708,0.6250680102764954,1.079294163529616,-0.4144797814976927,0.6319485544581258,-0.4144797814976927,0.0,0.0,1.098166782285953,1.098166782285953,-0.4662182278278273,0,0.737747122829632,1.729208051273389,74613,74613,0,1,1.11017508944747,1.109927898798595,0.0002226591564020719,0.5253718014836776,0.48588464493929695,0.5059454841739994,0.46210448802579823,0.7994095674549302,0.799612600020837,1.5898973750008736,0.1788219169829972,1.9873490419995505,2.1661713759822305
endpoints,30.0,0.000888858741621725,0.08,6.0,1.0,0.0,0.0,74613,0 1 2 5 9 11 14 23,0 7 8 11 12 19 22 23,69.76258816353906,69.81825390074336,46.24004951810869,46.26403111560857,0.5079228178195339,62.408737834408676,0.3489688712696979,0.11783366535376216,0.11783366535376216,69.81825390074336,68.32862181810573,1.4339663454333333,1,0.0007979310783854388,1.0007979310783854,35,35,0,1,999.5202902604813,983.9636752843862,0.015564081217441683,0.5031068144299181,0.009985827322217183,0.4980537481459239,0.006244716223658539,0.006244716223658539,0.006249402065158899,0.11054608298582025,0.19632575000287034,0.45823183297761716,0.6545580829842947
endpoints,30.0,0.000888858741621725,0.08,3.0,2.0,0.0,0.0,74613,0 3 4 9 13 17 19 23,0 2 4 8 10 14 15 23,16.579694488791585,16.606617198699336,15.791538975446867,15.80142348629064,0.04925322096304652,16.579694488791585,0.04925322096304652,0.0,0.0,16.606617198699336,16.605580158647026,-0.02588566985544105,0,0.0016238363092848651,1.0016238363092849,3,3,0,1,999.6243551450524,712.5526712776737,0.2871795613920618,0.499971400370159,0.030752050117250115,0.5016219477821239,0.02931728991467487,0.029266842863699342,0.029362251863186188,0.09616074999212287,0.1940291250066366,0.5393508330162149,0.7333807920222171
endpoints,30.0,0.000888858741621725,0.09,0.0,1.0,0.0,0.0,74613,0 1 10 11 12 13 14 23,0 1 2 3 4 5 6 23,0.532905250205103,1.089354616503244,0.5250981568737384,1.0738732512731761,-0.5037540514457413,0.532905250205103,-0.5037540514457413,0.0,0.0,1.0957000248873687,1.0957000248873687,-0.5627947746822657,0,1.0560878776586624,2.0441806795560304,74613,74613,0,1,1.11017508944747,1.109927898798595,0.0002226591564020719,0.4504281482090253,0.4185537036604132,0.42667901284086984,0.39079168896696664,0.7993862739667607,0.7996137697223661,1.484530125017045,0.19071912500658073,1.9036433339933865,2.094362750009168
endpoints,30.0,0.000888858741621725,0.09,6.0,1.0,0.0,0.0,74613,0 1 2 5 9 11 14 23,0 7 8 11 12 19 22 23,47.836406060571285,47.87880683543085,31.503292105245276,31.52234161600953,0.5175397387444145,43.33115345646365,0.3746172154436864,0.10397259811313853,0.10397259811313853,47.87880683543085,47.10191899000504,0.7344870705662458,1,0.0008863704101407244,1.0008863704101407,30,30,0,1,999.5202902604813,983.9636752843862,0.015564081217441683,0.4234396421618935,0.012544142122338123,0.41770594692363694,0.007835375936142423,0.007835375936142423,0.00784127823649621,0.09055875000194646,0.1767261660133954,0.4741174590017181,0.6508440830220934
endpoints,30.0,0.000888858741621725,0.09,3.0,2.0,0.0,0.0,74613,0 3 4 9 13 17 19 23,0 2 4 5 6 8 10 23,11.443876635869794,11.53401427302004,10.68931016241328,10.696854273493953,0.06983570527149352,11.443876635869794,0.06983570527149352,0.0,0.0,11.534014273020041,11.505653921384758,-0.061777285514963864,0,0.007876495004124573,1.0078764950041246,4,4,0,1,999.6243551450524,684.2485864361788,0.31549428251286493,0.41988062819810096,0.03836386149394654,0.42455797730626194,0.03592035332077125,0.03592035332077125,0.036201192852062705,0.14397704199654981,0.1855880839866586,0.49412474999553524,0.6797132509818766
free,30.0,0.000888858741621725,0.01,0.0,1.0,0.0,0.0,735471,0 1 10 11 12 13 14 23,0 1 2 3 4 5 6 7,1.1010189989785928,1.1080530480915993,1.1008222417217308,1.106848785710789,-0.0052670128092089374,1.1010189989785928,-0.0052670128092089374,0.0,,1.1096232831942998,1.1096232831942998,-0.008604284215707025,0,0.007814837185996959,1.0063886718753554,735471,199936,1,0,1.11017508944747,1.10996125988451,0.0001926088641264201,0.8818629826961847,0.7958441675586924,0.8814170344572698,0.7945757952073341,0.799469253723146,0.799656010716267,6.4808186670125,0.14176383297308348,10.312260459002573,10.454025416984223
free,30.0,0.000888858741621725,0.01,6.0,1.0,0.0,0.0,735471,3 6 10 11 12 13 17 20,6 7 8 9 13 14 18 20,886.3363107106162,886.8529922437818,867.8244918947418,867.8835556149849,0.021261786764188217,867.8244918947418,-6.805489038363977e-05,0.02133129335340267,0.02133129335340267,886.8529922437817,885.2429064756963,1.0934042349199444,1,0.0005829407268120868,1.000582940726812,37,37,0,1,999.8207317155427,999.7361261744377,8.462071091464018e-05,0.8815001717411888,0.00012683070892507688,0.8819538742980371,0.00010561709824283951,0.00010561709824283963,0.00010569061815767086,0.12745220799115486,0.13218933399184607,3.915394457988441,4.047584499989171
free,30.0,0.000888858741621725,0.01,3.0,2.0,0.0,0.0,735471,1 6 7 8 16 18 19 20,0 3 4 9 13 17 19 23,630.7502765631766,630.8639639458517,568.9030112679661,568.9846399108397,0.10855413717673579,612.5278710191636,0.07652795533311263,0.02974951248127433,0.02974951248127433,630.8639639458519,629.6811643736858,1.069112189490852,1,0.00018024151062556726,1.0001802415106253,14,14,0,1,999.7374695019918,999.6243551450524,0.00011314406070594973,0.8813892015217647,0.0006601974888942322,0.8813204841752244,0.000508146848399375,0.000508146848399375,0.0005083970588028472,0.18516449999879114,0.18315024999901652,3.938519458984956,4.121670499996981
free,30.0,0.000888858741621725,0.02,0.0,1.0,0.0,0.0,735471,0 1 10 11 12 13 14 23,0 1 2 3 4 5 6 7,1.074905388452674,1.1061263536059267,1.0740698634719075,1.1034796483339804,-0.025894686797755972,1.074905388452674,-0.025894686797755972,0.0,,1.109349474275351,1.109349474275351,-0.034444085822676884,0,0.03204383026887525,1.0290453145817746,735471,199936,1,0,1.11017508944747,1.10996125988451,0.0001926088641264201,0.8618217373733484,0.7801148857991281,0.8605161495924025,0.777065799681582,0.7994711324676691,0.7996570997622112,6.522372500010533,0.154725749976933,10.360732041008305,10.5154586659919
free,30.0,0.000888858741621725,0.02,6.0,1.0,0.0,0.0,735471,3 6 10 11 12 13 17 20,0 2 6 13 14 16 17 20,669.4770630026023,669.6415132247512,617.0027132373929,617.126644589219,0.08482929536810002,618.4807007361674,0.0021941301008800984,0.08245424991553474,0.08245424991553474,669.6415132247514,663.1543462439626,6.322716758639785,1,0.00024563981536807056,1.0002456398153676,136,128,0,1,999.8207317155427,999.0181703238529,0.0008027052912902288,0.8600069399756968,0.0005047076316923737,0.8599372270157887,0.000395316761289739,0.0003953167612897386,0.000395625652320644,0.1456829579838086,0.1336734999786131,4.004296250001062,4.1379704579594545
free,30.0,0.000888858741621725,0.02,3.0,2.0,0.0,0.0,735471,1 6 7 8 16 18 19 20,0 3 4 5 9 13 17 19,297.06677671266493,297.17526146489547,244.08656481243054,244.14832162160883,0.2167471590202914,292.6014391750742,0.19845771304772675,0.015260818778539909,0.015260818778539909,297.17526146489536,295.35798359146247,1.7087931212024614,1,0.0003651864184575082,1.000365186418458,9,9,0,1,999.7374695019918,990.190797480358,0.009549178972344974,0.8598720882602862,0.0026330663019300854,0.8601345806943184,0.0020055093038689113,0.002005509303868912,0.0020065557449681234,0.1624690409807954,0.22885954100638628,3.965215791016817,4.194076624000445
free,30.0,0.000888858741621725,0.03,0.0,1.0,0.0,0.0,735471,0 1 10 11 12 13 14 23,0 1 2 3 4 5 6 7,1.0323042543709282,1.1041481808022462,1.0304492206096019,1.100021121643754,-0.06155960639340907,1.0323042543709282,-0.06155960639340907,0.0,,1.10904990229076,1.10904990229076,-0.07674564791983185,0,0.07434401979346639,1.0695956895722556,735471,199936,1,0,1.11017508944747,1.10996125988451,0.0001926088641264201,0.8291426033913503,0.7528626711857019,0.8264181332721486,0.7475778304591829,0.7994690280698049,0.7996581869761292,6.482880708004814,0.15538854099577293,10.313337458006572,10.468726873979904
free,30.0,0.000888858741621725,0.03,6.0,1.0,0.0,0.0,735471,3 6 10 11 12 13 17 20,0 2 6 13 14 16 17 20,468.1191914539006,468.30997661018966,408.128980820509,408.2570781271609,0.14662847635453424,416.8518227015214,0.02105228552016314,0.1229870327065552,0.1229870327065552,468.30997661018966,461.7333702044685,6.3858212494321265,1,0.0004075567927401824,1.0004075567927402,208,128,0,1,999.8207317155427,999.0181703238529,0.0008027052912902288,0.8249646299831617,0.0011318401615488102,0.824956192913716,0.0008727014089543333,0.0008727014089543333,0.0008734039811185684,0.13646970898844302,0.14596387502388097,3.983997957984684,4.129962542006979
free,30.0,0.000888858741621725,0.03,3.0,2.0,0.0,0.0,735471,1 6 7 8 16 18 19 20,0 1 4 9 12 13 17 23,154.84694352469364,154.92119246573785,121.47464308950504,121.51113971743284,0.27434360244485645,151.83576319011348,0.2495624972590893,0.019831825330965502,0.019831825330965502,154.92119246573776,154.3440695041128,0.5028740205808333,1,0.0004794989126297722,1.0004794989126302,13,13,0,1,999.7374695019918,957.0604860364564,0.042688190417424776,0.8247911699443902,0.00589892361201593,0.8251382499917114,0.004437321859358336,0.004437321859358338,0.004439824236930771,0.14621712500229478,0.23602308399858885,3.983440625015646,4.219464334018994
free,30.0,0.000888858741621725,0.04,0.0,1.0,0.0,0.0,735471,0 1 10 11 12 13 14 23,0 1 2 3 4 5 6 7,0.9745651981594455,1.1020810456341714,0.9713766243807685,1.096422221635103,-0.11114059991773162,0.9745651981594455,-0.11114059991773162,0.0,,1.1087178053314852,1.1087178053314852,-0.1341526071720397,0,0.13765380440980146,1.1308438344766991,735471,199936,1,0,1.11017508944747,1.10996125988451,0.0001926088641264201,0.7848855969567202,0.7149718575672964,0.7802039605343392,0.7070481515400366,0.799464181511816,0.7996592723580063,6.243140125006903,0.15676800001529045,9.905865124979755,10.062636750022648
free,30.0,0.000888858741621725,0.04,6.0,1.0,0.0,0.0,735471,3 6 10 11 12 13 17 20,0 2 6 13 14 16 17 20,319.82301956769373,319.9909930391313,268.55486351926044,268.6610631240956,0.19043309011237786,298.63651480584434,0.11157348717816595,0.07094412006389628,0.07094412006389628,319.9909930391313,317.995236404478,1.827783163215713,1,0.0005252075715644899,1.0005252075715645,36,36,0,1,999.8207317155427,999.0181703238529,0.0008027052912902288,0.7775156280558356,0.0020051803834177603,0.7775893687546829,0.0015411764333358165,0.0015411764333358173,0.0015424084540594572,0.16706174999126233,0.1360649169946555,3.947709208994638,4.083774667000398
free,30.0,0.000888858741621725,0.04,3.0,2.0,0.0,0.0,735471,1 6 7 8 16 18 19 20,0 1 4 5 9 12 13 17,90.24529771558643,90.29275808784163,68.67946490238722,68.70259680099342,0.3135645800550222,87.5208827464223,0.2739093836574862,0.031128741891894407,0.031128741891894407,90.2927580878417,90.17438244804848,0.07091526753795563,1,0.000525904102004926,1.000525904102004,37,37,0,1,999.7374695019918,915.2118001771642,0.08454786571812012,0.7772916079925006,0.010425001930108535,0.7788120580717318,0.007736551253209331,0.007736551253209324,0.007740937528539313,0.13404404200264253,0.2591577499988489,3.982385042007081,4.241543500014814
free,30.0,0.000888858741621725,0.05,0.0,1.0,0.0,0.0,735471,0 1 10 11 12 13 14 23,0 1 2 3 4 5 6 7,0.9035179966719962,1.0998798775895289,0.8987706989250219,1.092625012523501,-0.17307586196910119,0.9035179966719962,-0.17307586196910119,0.0,,1.1083441615319298,1.1083441615319298,-0.20482616485993366,0,0.22669848925465463,1.2173303483060758,735471,199936,1,0,1.11017508944747,1.10996125988451,0.0001926088641264201,0.730486269604985,0.6676719569382894,0.723338714399168,0.6567636078026524,0.7994554528606352,0.799660355907827,6.262605791998794,0.16347850000602193,10.125084458006313,10.288563666021219
free,30.0,0.000888858741621725,0.05,6.0,1.0,0.0,0.0,735471,3 6 10 11 12 13 17 20,0 2 6 13 14 16 17 20,219.0003278847437,219.135160119378,179.3013463921504,179.3827943819189,0.22085470147419062,195.79751708698825,0.09150667298738369,0.11850411150743545,0.11850411150743545,220.45379516954094,220.45379516954094,-1.4534672847972274,0,0.006636826980287225,1.0006156713824887,171,128,0,1,999.8207317155427,999.0181703238529,0.0008027052912902288,0.7192067710500938,0.003120482140418783,0.719376980881187,0.0023939416108607007,0.0023939416108607,0.002395852318974672,0.12690204201499,0.1475667920021806,3.9203451669891365,4.067912792001152
free,30.0,0.000888858741621725,0.05,3.0,2.0,0.0,0.0,735471,1 6 7 8 16 18 19 20,0 1 4 5 6 11 14 19,56.55933402842345,56.58282852014913,42.13819101681597,42.154124945544694,0.34172715247885255,54.26295375714388,0.28725133844532524,0.04231948525244511,0.04231948525244511,56.58282852014913,56.23845998543495,0.32087404298849975,1,0.00041539548032631934,1.0004153954803263,82,82,0,1,999.7374695019918,794.592852463254,0.20519848789995676,0.7189239414030166,0.016165793497790976,0.7212397087371542,0.011857759403851878,0.011857759403851878,0.011862619229945498,0.13831208299961872,0.22039462500833906,3.9655046660045628,4.185899833013536
free,30.0,0.000888858741621725,0.06,0.0,1.0,0.0,0.0,735471,0 1 10 11 12 13 14 23,0 1 2 3 4 5 6 7,0.8214146569920339,1.0974876101443987,0.8149900895548692,1.0885616310159114,-0.24541281486704603,0.8214146569920339,-0.24541281486704603,0.0,,1.1079167826273368,1.1079167826273368,-0.286502125635303,0,0.3487911047076453,1.3360945057436955,735471,199936,1,0,1.11017508944747,1.10996125988451,0.0001926088641264201,0.6677091248827043,0.6124977478206157,0.6576251394356124,0.598320766366663,0.7994437781488329,0.7996614376255778,6.3516641249880195,0.17211799998767674,10.010764042002847,10.18288270899211
free,30.0,0.000888858741621725,0.06,6.0,1.0,0.0,0.0,735471,3 6 10 11 12 13 17 20,0 2 6 13 14 16 17 20,151.02032413666902,151.12445801718403,121.54236297788071,121.60361363875961,0.2419065488077996,140.33107929383024,0.15400418700305374,0.0761716142755322,0.0761716142755322,152.58259736120647,152.58259736120647,-1.5622732245374493,0,0.01034478791823834,1.0006895355384138,62,62,0,1,999.8207317155427,999.0181703238529,0.0008027052912902288,0.6519389132901633,0.004472321685358333,0.6522136194913738,0.0034268796110492375,0.0034268796110492397,0.003429609069432326,0.18816575000528246,0.20886958300252445,3.827802999992855,4.0366732490074355
free,30.0,0.000888858741621725,0.06,3.0,2.0,0.0,0.0,735471,1 6 7 8 16 18 19 20,0 1 4 5 10 11 14 15,36.999714980235055,37.02170974724657,27.19219275606407,27.203718361759034,0.3600977075342209,35.24373021589546,0.2955482683366726,0.049824032631699655,0.049824032631699655,37.021709747246554,37.006350038449995,-0.006635058214939704,0,0.0005944577417218433,1.000594457741722,136,128,0,1,999.7374695019918,725.6159844949584,0.2741934691550413,0.6515934594874977,0.023063508755442916,0.654783892068066,0.01679762566275575,0.01679762566275575,0.016807176548792935,0.12912720799795352,0.2512298749934416,4.001432207995094,4.252662999992026
free,30.0,0.000888858741621725,0.07,0.0,1.0,0.0,0.0,735471,0 1 10 11 12 13 14 23,0 1 2 3 4 5 6 7,0.7308580679783487,1.0948284637071988,0.7227568519835887,1.0841508134284203,-0.3258704795256765,0.7308580679783487,-0.3258704795256765,0.0,,1.1074189243295676,1.1074189243295676,-0.37656085635121883,0,0.5152311684713786,1.4980042113178567,735471,199936,1,0,1.11017508944747,1.10996125988451,0.0001926088641264201,0.5985903614915797,0.5512394559516559,0.5851464906289263,0.5335752240130062,0.7994285582974393,0.7996625175112426,6.282448040990857,0.17352495799423195,9.880560250021517,10.054086042015115
free,30.0,0.000888858741621725,0.07,6.0,1.0,0.0,0.0,735471,3 6 10 11 12 13 17 20,0 2 6 13 14 16 17 20,104.60958744558575,104.68871068730739,83.18944996505064,83.23583217051925,0.2567855059258568,104.4515249640239,0.2548865343238427,0.0015132615978203923,0.0015132615978203923,105.83943699974894,105.83943699974894,-1.229849554163195,0,0.011756566335785701,1.0007563670181072,3,3,0,1,999.8207317155427,999.0181703238529,0.0008027052912902288,0.577904951513585,0.006054124063303836,0.5782851494863762,0.004634995222094043,0.004626264025051922,0.0046386690114851555,0.14103304099990055,0.16597033399739303,3.8730403750087135,4.039011793007376
free,30.0,0.000888858741621725,0.07,3.0,2.0,0.0,0.0,735471,1 6 7 8 16 18 19 20,0 1 4 5 10 11 14 15,25.033728351247156,25.045977889458808,18.07347289722731,18.082118862793205,0.38444662050961176,23.530810178707252,0.30133035609701597,0.06387022635964645,0.06387022635964645,25.045977889458793,24.831696739857872,0.20203161138928394,1,0.0004893213683461184,1.0004893213683468,203,128,0,1,999.7374695019918,725.6159844949584,0.2741934691550413,0.5774979919370387,0.03104865899726071,0.5815228539655174,0.02232935443943618,0.022329354439436195,0.02233869353397693,0.16292458301177248,0.2278181670117192,3.95575020799879,4.1835687500133645
free,30.0,0.000888858741621725,0.08,0.0,1.0,0.0,0.0,735471,0 1 10 11 12 13 14 23,0 1 2 3 4 5 6 7,0.6347195078696386,1.0917971045174104,0.6250680102764954,1.079294163529616,-0.4119124059802981,0.6347195078696386,-0.4119124059802981,0.0,,1.106805245372681,1.106805245372681,-0.4720857375030425,0,0.7437706445915657,1.7201253324982857,735471,199936,1,0,1.11017508944747,1.10996125988451,0.0001926088641264201,0.5253718014836776,0.48588464493929695,0.5082004893867303,0.4645826902156015,0.7994095674549302,0.7996635955648065,5.637219374999404,0.1467314999899827,9.093421917001251,9.240154500002973
free,30.0,0.000888858741621725,0.08,6.0,1.0,0.0,0.0,735471,3 6 10 11 12 13 17 20,0 1 2 4 8 15 16 22,72.53860573507306,73.48986574793281,57.071739909394324,57.1070371692605,0.2702218383362225,72.53860573507306,0.2702218383362225,0.0,0.0,73.48986574793285,73.33381253935964,-0.795206804286579,0,0.01311384473440258,1.013113844734402,4,4,0,1,999.8207317155427,989.887731155319,0.009934781551468874,0.49951832867994855,0.00785819509693442,0.5026858460449198,0.005951347604231612,0.005976995047704738,0.006040069593202724,0.1334081669920124,0.1529017919965554,3.8891740839753766,4.042076458979864
free,30.0,0.000888858741621725,0.08,3.0,2.0,0.0,0.0,735471,1 6 7 8 16 18 19 20,0 1 4 5 10 11 14 15,17.016308214181766,17.02548484394265,12.186377147727336,12.193032714314075,0.39557636011304886,16.83563209622465,0.38075837986232663,0.01073176919788077,0.01073176919788077,17.02548484394265,16.871321459101512,0.14498675508025372,1,0.0005392844114822104,1.0005392844114822,3,3,0,1,999.7374695019918,725.6159844949584,0.2741934691550413,0.4990561478552306,0.04004075733899135,0.5038507467665782,0.028705055991786816,0.028705055991786816,0.028717058120094813,0.2705249579739757,0.14366266599972732,3.855437374993926,3.999100832006661
free,30.0,0.000888858741621725,0.09,0.0,1.0,0.0,0.0,735471,0 1 10 11 12 13 14 23,0 1 2 3 4 5 6 7,0.5360476214454869,1.0882401450497983,0.5250981568737384,1.0738732512731761,-0.5008278483424811,0.5360476214454869,-0.5008278483424811,0.0,,1.1059794001973562,1.1059794001973562,-0.5699317787518693,0,1.0632110953407676,2.0301184102175265,735471,199936,1,0,1.11017508944747,1.10996125988451,0.0001926088641264201,0.4504281482090253,0.4185537036604132,0.42922648043781886,0.39353371645034324,0.7993862739667607,0.7996646717862552,5.716969249973772,0.16501958400476724,9.127554457983933,9.292574583989335
free,30.0,0.000888858741621725,0.09,6.0,1.0,0.0,0.0,735471,3 6 10 11 12 13 17 20,0 1 2 4 8 15 16 22,49.90804946949623,50.633766851026564,38.92779915321751,38.95487651879679,0.281175912479513,49.90804946949623,0.281175912479513,0.0,0.0,50.94015820913389,50.94015820913389,-1.032108739637664,0,0.020680205910841964,1.014541088847279,6,6,0,1,999.8207317155427,989.887731155319,0.009934781551468874,0.4193343478647267,0.009875758819478397,0.4229652787571554,0.00746456438017748,0.007499352333001186,0.0075842595457746775,0.13155991601524875,0.15405420798924752,3.883956208010204,4.0380111660051625
free,30.0,0.000888858741621725,0.09,3.0,2.0,0.0,0.0,735471,1 6 7 8 16 18 19 20,0 1 4 5 10 11 14 15,11.577806396125165,11.584959025070406,8.233273747628465,8.238491530506899,0.4053308610263031,11.469715455737127,0.3922106265770984,0.009424029811826884,0.009424029811826884,11.584959025070397,11.552171740075144,0.025634656050021576,1,0.0006177879211752835,1.000617787921176,8,8,0,1,999.7374695019918,725.6159844949584,0.2741934691550413,0.4188283472912124,0.049949130924363,0.42426483606426524,0.0357331815388951,0.03573318153889511,0.03574850274345314,0.20589641699916683,0.12903574999654666,3.903804667002987,4.032840999978362
