control,snr_db,eps,xP,yP,mean_ratio,p05_ratio,min_ratio
endpoints,20.0,0.03,-6.0,1.0,0.9964596948809711,1.0263203107073806,1.1488321350891035
endpoints,20.0,0.03,-4.8,1.0,0.9942376284450813,0.9850340014592681,1.0090987005516405
endpoints,20.0,0.03,-3.6,1.0,0.9956092897369646,0.9935995451604026,1.1107958083246616
endpoints,20.0,0.03,-2.4000000000000004,1.0,0.9988881092627111,1.0226623056506008,1.1075564231603199
endpoints,20.0,0.03,-1.2000000000000002,1.0,0.9879438929968899,1.0132057096090046,1.1252281313636134
endpoints,20.0,0.03,0.0,1.0,0.999803612522004,1.0011369411947704,1.0033931927458155
endpoints,20.0,0.03,1.1999999999999993,1.0,0.9955150553440576,1.000030186115938,1.035382927741009
endpoints,20.0,0.03,2.4000000000000004,1.0,0.998885569839426,0.9989332869687539,1.0629556328812522
endpoints,20.0,0.03,3.5999999999999996,1.0,0.9998483520654902,0.9977759187284301,1.0005944118363141
endpoints,20.0,0.03,4.799999999999999,1.0,1.0000212215720548,1.0027405301097057,1.053498464385608
endpoints,20.0,0.03,6.0,1.0,0.9983202973988485,0.9968677565537135,0.9927410598323018
endpoints,20.0,0.03,-6.0,2.0,0.9960092528489719,1.0031326055161067,1.1338927024770615
endpoints,20.0,0.03,-4.8,2.0,0.9973665632286123,1.0035251573566855,1.0666917254967143
endpoints,20.0,0.03,-3.6,2.0,0.9580377717239315,0.9424561508748127,1.0837287902703263
endpoints,20.0,0.03,-2.4000000000000004,2.0,0.9994361362708833,1.0011713870757857,1.0075958120317132
endpoints,20.0,0.03,-1.2000000000000002,2.0,1.0000664428076642,0.9944527964717211,0.9801348201954576
endpoints,20.0,0.03,0.0,2.0,0.997880155177786,1.002262210991572,1.0075718322052511
endpoints,20.0,0.03,1.1999999999999993,2.0,0.999803981949272,0.9985848444862704,0.9430892992292306
endpoints,20.0,0.03,2.4000000000000004,2.0,0.9947441772255431,1.0006094734139959,1.0069906729248392
endpoints,20.0,0.03,3.5999999999999996,2.0,0.9993525858309986,1.002838956738236,1.0281403697659108
endpoints,20.0,0.03,4.799999999999999,2.0,0.9995448707815627,0.9990475724732235,1.0030543508088092
endpoints,20.0,0.03,6.0,2.0,1.0001954794414267,1.0001020472440003,1.0097215777675002
endpoints,20.0,0.03,-6.0,4.0,0.9976414535190897,0.9958929745140574,1.1350726953717043
endpoints,20.0,0.03,-4.8,4.0,0.9965196688977221,1.001659718203248,1.1577696655625158
endpoints,20.0,0.03,-3.6,4.0,0.9985855281629926,0.9914172453586646,1.052955582288787
endpoints,20.0,0.03,-2.4000000000000004,4.0,0.9980358238324815,0.9967644149918659,1.0266881306438003
endpoints,20.0,0.03,-1.2000000000000002,4.0,1.0005163262174943,1.0067357962321513,0.9566909216681168
endpoints,20.0,0.03,0.0,4.0,0.9883637052077429,0.9986720193405333,1.0161314964056125
endpoints,20.0,0.03,1.1999999999999993,4.0,0.9960471196148103,0.9905348334206686,1.0432104911044524
endpoints,20.0,0.03,2.4000000000000004,4.0,0.995841439261692,0.9917692542497873,1.0181069179924591
endpoints,20.0,0.03,3.5999999999999996,4.0,0.9995649236538716,0.9975534568861427,1.0063561335142372
endpoints,20.0,0.03,4.799999999999999,4.0,0.9996870432662931,1.000057545322505,1.0445230549579951
endpoints,20.0,0.03,6.0,4.0,0.9995728213267407,0.9991366470597257,1.0231764980565305
endpoints,20.0,0.05,-6.0,1.0,0.986703890770131,1.026668298804304,1.4415877440967253
endpoints,20.0,0.05,-4.8,1.0,0.985921609377087,0.9862240613327206,1.167068372133313
endpoints,20.0,0.05,-3.6,1.0,0.987720670233729,0.9866620060258775,1.1651216159509177
endpoints,20.0,0.05,-2.4000000000000004,1.0,0.9945957471040436,1.0045064966571633,1.1391790340386483
endpoints,20.0,0.05,-1.2000000000000002,1.0,0.9857478373423947,1.022129199420802,1.1693865500194967
endpoints,20.0,0.05,0.0,1.0,0.999851383637838,1.002039997815532,1.0043498065730383
endpoints,20.0,0.05,1.1999999999999993,1.0,0.9846455694924008,0.9787586223747257,1.414757243686285
endpoints,20.0,0.05,2.4000000000000004,1.0,0.9983909298708916,1.0058328931820433,1.0046336750986504
endpoints,20.0,0.05,3.5999999999999996,1.0,0.9968871511475724,0.9933993486681716,1.0215909122155418
endpoints,20.0,0.05,4.799999999999999,1.0,1.000307392267066,1.0054165684505763,0.9858099557292203
endpoints,20.0,0.05,6.0,1.0,0.997569101937651,0.9944700700857315,0.983270394589831
endpoints,20.0,0.05,-6.0,2.0,0.9935163273105186,1.0176707178149946,1.017047251811592
endpoints,20.0,0.05,-4.8,2.0,0.9940069966635805,1.025878381874994,1.0919173181924027
endpoints,20.0,0.05,-3.6,2.0,0.9709361231039642,0.970014725235106,1.1606952842915061
endpoints,20.0,0.05,-2.4000000000000004,2.0,1.0,1.0,1.0
endpoints,20.0,0.05,-1.2000000000000002,2.0,0.9957299002996295,0.9819169164386121,1.0164011463956624
endpoints,20.0,0.05,0.0,2.0,0.9979434693090573,1.0052696754065134,1.0130522330916778
endpoints,20.0,0.05,1.1999999999999993,2.0,0.9996496100809621,0.9992809353415645,0.9740407313437425
endpoints,20.0,0.05,2.4000000000000004,2.0,0.9818477665977902,0.9814025432732232,1.2118445163443372
endpoints,20.0,0.05,3.5999999999999996,2.0,0.9986340839837285,1.011180883211405,1.061042268552444
endpoints,20.0,0.05,4.799999999999999,2.0,0.999099334078259,0.9945116169796779,1.003800382023641
endpoints,20.0,0.05,6.0,2.0,1.0009287665587059,1.0025742903323167,1.0272751672997897
endpoints,20.0,0.05,-6.0,4.0,0.9943973298467345,0.9918564810839002,1.1951988216387437
endpoints,20.0,0.05,-4.8,4.0,0.9972942820916666,1.0135191581897605,0.9393436667661411
endpoints,20.0,0.05,-3.6,4.0,1.000448902515795,0.9925949648086024,1.0886796698839458
endpoints,20.0,0.05,-2.4000000000000004,4.0,1.001018748693523,1.0282786129944164,1.0030631256230003
endpoints,20.0,0.05,-1.2000000000000002,4.0,0.9980385912962536,0.9965901623583686,0.9171961592466775
endpoints,20.0,0.05,0.0,4.0,0.9882994846164337,1.0051029741725677,1.0249488243493245
endpoints,20.0,0.05,1.1999999999999993,4.0,0.9993299245629721,1.0125889520859102,0.9162198730735512
endpoints,20.0,0.05,2.4000000000000004,4.0,0.996026723392644,0.9952520543459475,0.9744505491909257
endpoints,20.0,0.05,3.5999999999999996,4.0,1.0002402407294173,1.0023930713023204,1.0158000610116944
endpoints,20.0,0.05,4.799999999999999,4.0,0.999692326399624,1.0062406543047313,1.1374606711997985
endpoints,20.0,0.05,6.0,4.0,0.9992395694659939,0.9988396071393925,1.0468901092584266
endpoints,30.0,0.03,-6.0,1.0,0.9569421753685811,1.070965842321753,1.4247570713507036
endpoints,30.0,0.03,-4.8,1.0,0.9899183594890497,1.0014859812110628,1.2382415514022422
endpoints,30.0,0.03,-3.6,1.0,0.9895953247420608,1.0059197646746132,1.0393864157638504
endpoints,30.0,0.03,-2.4000000000000004,1.0,0.9883350188538457,0.9842533598661142,1.0003170840716216
endpoints,30.0,0.03,-1.2000000000000002,1.0,0.9555239122756062,1.0442668272702966,1.0727080395320905
endpoints,30.0,0.03,0.0,1.0,0.999782693186391,1.001114467230003,1.0027153042443946
endpoints,30.0,0.03,1.1999999999999993,1.0,0.9657345545932514,0.9724232685553763,1.3527157928175035
endpoints,30.0,0.03,2.4000000000000004,1.0,0.9942850349589454,0.9886637256408243,1.0376250848568425
endpoints,30.0,0.03,3.5999999999999996,1.0,0.998937676327993,1.0004012378430507,0.9845283837528986
endpoints,30.0,0.03,4.799999999999999,1.0,0.9968842888886551,0.9864118668080237,0.9685458141231089
endpoints,30.0,0.03,6.0,1.0,0.984290130128793,0.979045736254398,1.080932807848876
endpoints,30.0,0.03,-6.0,2.0,0.9862037486657361,0.9679835592699626,1.1016981529059129
endpoints,30.0,0.03,-4.8,2.0,1.0,1.0,1.0
endpoints,30.0,0.03,-3.6,2.0,0.8504644059056681,0.8747086042689004,1.3276735774481037
endpoints,30.0,0.03,-2.4000000000000004,2.0,0.9983011451997776,1.0017856215018073,0.9250984473476984
endpoints,30.0,0.03,-1.2000000000000002,2.0,1.002170461776189,0.997970261987304,0.992280687143667
endpoints,30.0,0.03,0.0,2.0,0.9978329452119523,1.0023610846287874,1.0049111518213314
endpoints,30.0,0.03,1.1999999999999993,2.0,0.996206522026395,1.0082358702353047,1.1798902907021414
endpoints,30.0,0.03,2.4000000000000004,2.0,0.9692343414268186,0.9936962526621924,1.060066301492877
endpoints,30.0,0.03,3.5999999999999996,2.0,0.995600690952093,1.0122427521523745,0.9104818924122856
endpoints,30.0,0.03,4.799999999999999,2.0,0.9976767761543937,0.9943377818195692,1.0599822276575592
endpoints,30.0,0.03,6.0,2.0,1.0004722930880103,1.0114378814394058,1.1214160251425211
endpoints,30.0,0.03,-6.0,4.0,0.9776612388783982,1.0185899567089205,1.4348083118389525
endpoints,30.0,0.03,-4.8,4.0,0.9796802943316305,1.0060069062927322,1.1769519605742158
endpoints,30.0,0.03,-3.6,4.0,0.9991662899526796,0.9948986864249248,1.1825941986713395
endpoints,30.0,0.03,-2.4000000000000004,4.0,0.9909075041083489,1.0364842924674178,1.2776250780941107
endpoints,30.0,0.03,-1.2000000000000002,4.0,0.996539264518629,1.010761775317165,1.079301394992795
endpoints,30.0,0.03,0.0,4.0,0.9880315890095518,0.998222061254601,1.0076244465468502
endpoints,30.0,0.03,1.1999999999999993,4.0,0.9802254072078735,0.968249870375913,1.2084235621116854
endpoints,30.0,0.03,2.4000000000000004,4.0,0.9810750591578629,0.9689273702636404,0.8701633109555272
endpoints,30.0,0.03,3.5999999999999996,4.0,0.9959315141904996,1.0008089197915697,1.043935561199826
endpoints,30.0,0.03,4.799999999999999,4.0,0.992808590535464,1.009523391055614,1.1988179839367905
endpoints,30.0,0.03,6.0,4.0,0.9949322269001023,1.0025440557855454,1.108309540775094
endpoints,30.0,0.05,-6.0,1.0,0.9573296107913493,1.0924745357358692,1.3666726639504816
endpoints,30.0,0.05,-4.8,1.0,0.9814850150718541,0.9944126558633446,1.178427784603188
endpoints,30.0,0.05,-3.6,1.0,0.9763385443420176,1.0311104982786228,0.9911804640384504
endpoints,30.0,0.05,-2.4000000000000004,1.0,0.9952843060205647,0.9999773492774199,1.1714036338039024
endpoints,30.0,0.05,-1.2000000000000002,1.0,0.9726028845796838,1.0198874494237606,1.223713996664023
endpoints,30.0,0.05,0.0,1.0,0.9998166933614827,1.0020768617058637,1.004256310578931
endpoints,30.0,0.05,1.1999999999999993,1.0,0.9472529796698196,0.9572898416123393,1.1363384956137856
endpoints,30.0,0.05,2.4000000000000004,1.0,0.9914066078334273,1.0021134714477113,0.9931232841027895
endpoints,30.0,0.05,3.5999999999999996,1.0,0.9823433104808859,0.9679698516875064,1.008228177316628
endpoints,30.0,0.05,4.799999999999999,1.0,0.9985415987489484,1.0000139796460068,1.0136458473363366
endpoints,30.0,0.05,6.0,1.0,0.9804907003173053,1.0036170591076299,1.210710953613254
endpoints,30.0,0.05,-6.0,2.0,1.0077413793316259,1.0022912037983758,0.971223827750752
endpoints,30.0,0.05,-4.8,2.0,0.9876758949423591,0.992398918161673,0.9392081718625429
endpoints,30.0,0.05,-3.6,2.0,0.9129245713650289,0.9549592546316523,1.3029128577592237
endpoints,30.0,0.05,-2.4000000000000004,2.0,1.0,1.0,1.0
endpoints,30.0,0.05,-1.2000000000000002,2.0,1.0103263579748574,0.9993970773012147,1.2065856806627793
endpoints,30.0,0.05,0.0,2.0,0.9978119103695997,1.0053385327494002,1.0129556649427551
endpoints,30.0,0.05,1.1999999999999993,2.0,0.9870065953482038,1.0009419582660362,0.971073389761409
endpoints,30.0,0.05,2.4000000000000004,2.0,0.9338476401085201,0.9973747075853318,1.0166300978047083
endpoints,30.0,0.05,3.5999999999999996,2.0,0.9894954177331964,1.0441165360263078,1.2845140522746847
endpoints,30.0,0.05,4.799999999999999,2.0,0.9930181155348881,0.99839016343853,1.0166617238605686
endpoints,30.0,0.05,6.0,2.0,0.9947033132251848,1.0133368374277456,1.3640908442724449
endpoints,30.0,0.05,-6.0,4.0,0.981506137159243,1.0274001899788308,1.2405906932864628
endpoints,30.0,0.05,-4.8,4.0,0.9769322882210314,1.026193639170244,1.0704494029997813
endpoints,30.0,0.05,-3.6,4.0,0.9991870405348057,0.988129672264788,1.0181821413072851
endpoints,30.0,0.05,-2.4000000000000004,4.0,0.9747378466748834,1.037526592602559,1.2635022388591266
endpoints,30.0,0.05,-1.2000000000000002,4.0,0.9802539910411455,1.0240945991958632,1.0927732017024505
endpoints,30.0,0.05,0.0,4.0,0.988356066613142,1.0058742966403917,1.0248828091221158
endpoints,30.0,0.05,1.1999999999999993,4.0,0.9933902355195643,0.9837819518305645,0.9769673977409995
endpoints,30.0,0.05,2.4000000000000004,4.0,0.9863031326234232,1.0005094095852836,1.065695416290913
endpoints,30.0,0.05,3.5999999999999996,4.0,0.9907344574220472,1.0055342233974274,0.9738680202206271
endpoints,30.0,0.05,4.799999999999999,4.0,0.9914380924738758,1.027944373441277,1.3633750618527303
endpoints,30.0,0.05,6.0,4.0,0.9909327816634982,1.0076742490181636,0.930356638569319
free,20.0,0.03,-6.0,1.0,0.9969472019434154,1.0189060442211912,1.2399281263150987
free,20.0,0.03,-4.8,1.0,1.001528366932287,1.0074226710607241,1.047654370627648
free,20.0,0.03,-3.6,1.0,0.9941960950260463,1.0369308738252105,1.1748776295704058
free,20.0,0.03,-2.4000000000000004,1.0,0.9960692988669243,1.0199375020800605,1.099051058700557
free,20.0,0.03,-1.2000000000000002,1.0,0.9975566296392521,1.000654965026922,0.9282566591278416
free,20.0,0.03,0.0,1.0,0.9998448163435407,1.000977164070155,1.0018384252013164
free,20.0,0.03,1.1999999999999993,1.0,1.003849614759666,1.009546464186239,1.020047170966809
free,20.0,0.03,2.4000000000000004,1.0,1.0016222669291281,1.004951227774843,1.0462223043065033
free,20.0,0.03,3.5999999999999996,1.0,0.997849081915421,0.9953275042064842,1.0315962521166273
free,20.0,0.03,4.799999999999999,1.0,1.000163786082376,1.000360871427126,1.0009802815790547
free,20.0,0.03,6.0,1.0,0.999820041716149,0.9997986883341395,0.9918797250655119
free,20.0,0.03,-6.0,2.0,0.9991619459754183,0.9972873014293593,1.0106675448873763
free,20.0,0.03,-4.8,2.0,1.0011697930057404,1.0207143056602224,1.1272863135868374
free,20.0,0.03,-3.6,2.0,0.9831450704956192,1.1019073867831168,1.0971847271716517
free,20.0,0.03,-2.4000000000000004,2.0,0.9953457137445582,1.0339900840967307,1.2148846007995964
free,20.0,0.03,-1.2000000000000002,2.0,0.9932989205232771,0.9931282375006556,1.1567933491859759
free,20.0,0.03,0.0,2.0,0.9981075168045118,1.0018336623172506,1.0095519722567818
free,20.0,0.03,1.1999999999999993,2.0,0.9962411704051977,0.9972771061261988,1.156205942504414
free,20.0,0.03,2.4000000000000004,2.0,1.0030408805205158,1.0074186492143509,0.9942550342008208
free,20.0,0.03,3.5999999999999996,2.0,0.9988646777158905,1.0155072151162445,1.0708240083333718
free,20.0,0.03,4.799999999999999,2.0,0.9996945983545562,1.0008684696767258,0.9718284278192956
free,20.0,0.03,6.0,2.0,0.9998453236371069,1.0012253477931856,1.00520501368477
free,20.0,0.03,-6.0,4.0,0.9999576380469346,1.0060884330832647,1.0016059125853873
free,20.0,0.03,-4.8,4.0,0.9976031689204234,1.0007359928684998,1.0763121878027533
free,20.0,0.03,-3.6,4.0,0.9971553841385472,1.0218735428774517,1.085359451080752
free,20.0,0.03,-2.4000000000000004,4.0,1.0005809506445156,1.012855826635316,1.113770484938705
free,20.0,0.03,-1.2000000000000002,4.0,0.9982593838566218,0.9994657765679303,1.0004781756407686
free,20.0,0.03,0.0,4.0,0.9897718222416878,0.9987952784005728,1.0117609842734385
free,20.0,0.03,1.1999999999999993,4.0,0.9982687559716326,1.000835347700182,1.0286126295795568
free,20.0,0.03,2.4000000000000004,4.0,1.0000091632061836,1.0004033054585812,1.0563174272653515
free,20.0,0.03,3.5999999999999996,4.0,0.9993518162830461,1.0037828356050806,1.043203390434217
free,20.0,0.03,4.799999999999999,4.0,1.0003471947821558,1.009502509990366,1.1165191013979574
free,20.0,0.03,6.0,4.0,0.999338801831894,0.9995198983742772,1.015137939635506
free,20.0,0.05,-6.0,1.0,0.9878584764734584,1.0326412604537658,1.1428189665772217
free,20.0,0.05,-4.8,1.0,0.9960363935189894,1.0019996051454987,0.9481057751552171
free,20.0,0.05,-3.6,1.0,0.9764316874157163,1.0437309064052736,1.327490939623004
free,20.0,0.05,-2.4000000000000004,1.0,0.9898853643411633,1.042872912663018,1.3520605878465555
free,20.0,0.05,-1.2000000000000002,1.0,1.000457247804281,1.0344510499384298,0.908723755619987
free,20.0,0.05,0.0,1.0,0.999919818435396,1.0017782337277452,1.0044682545925097
free,20.0,0.05,1.1999999999999993,1.0,1.0082392059586682,1.020800750408136,1.0267279030756304
free,20.0,0.05,2.4000000000000004,1.0,1.0003123504648175,1.000269349533374,1.0932194753727016
free,20.0,0.05,3.5999999999999996,1.0,0.999678769382502,1.0034418828052898,1.0327270185491313
free,20.0,0.05,4.799999999999999,1.0,1.0008005584546693,1.0054448785366723,1.0473994538868754
free,20.0,0.05,6.0,1.0,1.0000306904801795,1.00040316742527,0.9966175162483945
free,20.0,0.05,-6.0,2.0,0.9994728560293233,1.0022453664929603,0.974084717609871
free,20.0,0.05,-4.8,2.0,0.9960936717912762,1.0241327202840536,1.3433971499662432
free,20.0,0.05,-3.6,2.0,0.9528954610888384,1.164197718549658,1.5187808722826044
free,20.0,0.05,-2.4000000000000004,2.0,0.9810709127588517,1.0531041953171827,1.5226827157501284
free,20.0,0.05,-1.2000000000000002,2.0,0.9855543086830358,0.9911833569079074,1.0712195196721095
free,20.0,0.05,0.0,2.0,0.9984448965546658,1.0049061845702443,1.0082498741700672
free,20.0,0.05,1.1999999999999993,2.0,0.9939963089815264,1.0037465216171022,1.049033297104228
free,20.0,0.05,2.4000000000000004,2.0,1.0010633003606022,1.0054503415058462,0.9633713021378283
free,20.0,0.05,3.5999999999999996,2.0,0.9975308327184488,1.0431438464361604,1.156770011253016
free,20.0,0.05,4.799999999999999,2.0,0.9985416386875724,1.0015796301606357,1.054642669125215
free,20.0,0.05,6.0,2.0,0.9999508647247826,1.0016721822483552,1.0829997981787791
free,20.0,0.05,-6.0,4.0,0.9974823434160685,1.004479143134344,1.0207300103341457
free,20.0,0.05,-4.8,4.0,0.9968401164257038,1.0047075368523237,1.125359522567446
free,20.0,0.05,-3.6,4.0,0.9933952617845146,1.0486882819172567,1.3433721619169332
free,20.0,0.05,-2.4000000000000004,4.0,0.9994833890383921,1.03146209589792,1.2427768837762607
free,20.0,0.05,-1.2000000000000002,4.0,0.9922900475781595,1.017900460311361,1.0901716534187669
free,20.0,0.05,0.0,4.0,0.9899442343972897,1.0052869465618806,1.0258637855925639
free,20.0,0.05,1.1999999999999993,4.0,0.998628560703843,1.0040807080095993,1.04897072390576
free,20.0,0.05,2.4000000000000004,4.0,0.9976718535508601,0.9993086802157256,1.07640383586878
free,20.0,0.05,3.5999999999999996,4.0,0.9976985894756724,1.0138843022249355,1.1020327796582314
free,20.0,0.05,4.799999999999999,4.0,0.999982772826876,1.0203475938056108,1.2037410610169132
free,20.0,0.05,6.0,4.0,0.998281864249608,0.9965503117174966,1.0568399388659702
free,30.0,0.03,-6.0,1.0,0.9728612701327417,1.072188833886159,1.419643269406779
free,30.0,0.03,-4.8,1.0,0.978396726646432,0.989280311799075,1.038926200664943
free,30.0,0.03,-3.6,1.0,0.9905199453031623,1.0040523148760943,1.0123760876283234
free,30.0,0.03,-2.4000000000000004,1.0,0.9884574941719557,1.0227038749273287,1.3852960397570453
free,30.0,0.03,-1.2000000000000002,1.0,1.0032396111581208,0.9978042278682092,0.7833389235492441
free,30.0,0.03,0.0,1.0,0.9998026651043493,1.0009340462032046,1.0032236146099738
free,30.0,0.03,1.1999999999999993,1.0,0.9010113069597991,1.2533828591721883,1.8955386032039145
free,30.0,0.03,2.4000000000000004,1.0,1.0035856417680857,1.0133402927024553,1.0799854229471013
free,30.0,0.03,3.5999999999999996,1.0,0.9865818855244973,0.9935081504620473,1.0673003148473517
free,30.0,0.03,4.799999999999999,1.0,0.9963498448732847,1.0288448204612406,1.128902406433765
free,30.0,0.03,6.0,1.0,0.9985044084381675,1.0016554372912758,1.0124117655945877
free,30.0,0.03,-6.0,2.0,0.9942812550829305,1.0010962072986898,1.3372973592878645
free,30.0,0.03,-4.8,2.0,0.9939684299689953,1.0006646358044722,1.3170209013206484
free,30.0,0.03,-3.6,2.0,0.8381598449707096,1.2184500996335688,1.211773137733454
free,30.0,0.03,-2.4000000000000004,2.0,0.9979909329771562,0.9902104072725026,1.0363645537472277
free,30.0,0.03,-1.2000000000000002,2.0,1.007139933158646,0.9900929314248524,1.0970560424140519
free,30.0,0.03,0.0,2.0,0.9981983888093662,1.0018771609589487,1.0055839486164562
free,30.0,0.03,1.1999999999999993,2.0,0.9871120500429217,1.0222513906800574,1.149147031733072
free,30.0,0.03,2.4000000000000004,2.0,1.0058206062601582,0.9999352050455125,0.9472700877947362
free,30.0,0.03,3.5999999999999996,2.0,0.9825202864323019,1.0968630094409528,1.2709574472659426
free,30.0,0.03,4.799999999999999,2.0,0.9931141662063535,0.9950580881736882,1.1308268576792135
free,30.0,0.03,6.0,2.0,0.9981648677609282,0.9921461665411216,1.118293748969625
free,30.0,0.03,-6.0,4.0,0.9697939955902176,1.0543004787971957,1.5614079730150168
free,30.0,0.03,-4.8,4.0,0.9968934813937962,1.0055971900390839,0.9709720252689904
free,30.0,0.03,-3.6,4.0,0.9712378882594056,1.090835108658052,1.5641779960114646
free,30.0,0.03,-2.4000000000000004,4.0,0.9788924729647771,1.0126462220745733,1.4005443370405852
free,30.0,0.03,-1.2000000000000002,4.0,0.9809281587620238,1.0150232012014726,0.9974551918988287
free,30.0,0.03,0.0,4.0,0.9893203173664127,0.9985216784089535,1.006699123323693
free,30.0,0.03,1.1999999999999993,4.0,0.983088383437622,1.0068797182974425,1.0750183451713218
free,30.0,0.03,2.4000000000000004,4.0,0.9922993529044697,1.0193297274920776,1.1407332772729233
free,30.0,0.03,3.5999999999999996,4.0,0.9984960679537217,0.9951808377492535,0.8624736885778691
free,30.0,0.03,4.799999999999999,4.0,0.9970548836632347,0.9990574124943322,1.0449421042922125
free,30.0,0.03,6.0,4.0,0.995261550007709,0.9879206658217754,0.9726703515668514
free,30.0,0.05,-6.0,1.0,0.9536901332431171,1.0795606883771882,1.4737435872390237
free,30.0,0.05,-4.8,1.0,0.9648011485368767,0.9892215348118185,1.284150093079235
free,30.0,0.05,-3.6,1.0,0.9917161094574747,0.9961605827343063,1.0140920315113693
free,30.0,0.05,-2.4000000000000004,1.0,1.0089213778795643,1.0213463806343286,1.1647010930576709
free,30.0,0.05,-1.2000000000000002,1.0,0.9932722216732637,0.9952969311087112,0.9686772057501319
free,30.0,0.05,0.0,1.0,0.9999016612815861,1.0018159282368835,1.0049719802670896
free,30.0,0.05,1.1999999999999993,1.0,0.808610139929831,1.3262723291435012,1.9819573189228938
free,30.0,0.05,2.4000000000000004,1.0,1.0027679204121376,1.0219825469282589,1.1707427136569772
free,30.0,0.05,3.5999999999999996,1.0,0.9915197251929693,1.00599315776811,1.2980989287341185
free,30.0,0.05,4.799999999999999,1.0,0.9876602166718369,1.052548659218429,1.2702156023999285
free,30.0,0.05,6.0,1.0,0.9968212301112434,1.0017782372408754,1.1620653802716017
free,30.0,0.05,-6.0,2.0,0.961873766457102,0.9934590139134152,0.9709539281145325
free,30.0,0.05,-4.8,2.0,0.9942764799796432,1.007087568923034,1.1422035395456265
free,30.0,0.05,-3.6,2.0,0.7708404527603571,1.2508896455684846,1.3922558704581294
free,30.0,0.05,-2.4000000000000004,2.0,0.9913066875039994,1.0244573813973628,1.0836346263759986
free,30.0,0.05,-1.2000000000000002,2.0,0.9976927047354602,0.9891062244443865,0.8947546675186685
free,30.0,0.05,0.0,2.0,0.9983052316081871,1.004958147310288,1.0130318396123206
free,30.0,0.05,1.1999999999999993,2.0,0.9727009991390734,1.0081662587805966,1.1648301273087205
free,30.0,0.05,2.4000000000000004,2.0,1.0045850635799205,1.00013413665424,1.0503492698477792
free,30.0,0.05,3.5999999999999996,2.0,0.9453015357465503,1.169025033606046,1.3351265059619897
free,30.0,0.05,4.799999999999999,2.0,0.9901038116993922,1.0356996372360923,1.1359954396949377
free,30.0,0.05,6.0,2.0,0.9952053903197987,0.9977094218230226,1.254766339223922
free,30.0,0.05,-6.0,4.0,0.9621501220644919,1.0741281745200704,1.4012746794512372
free,30.0,0.05,-4.8,4.0,0.9879273643631891,1.0259451686833347,1.1615066894541983
free,30.0,0.05,-3.6,4.0,0.9421648464653581,1.0662432847383336,1.545151793110347
free,30.0,0.05,-2.4000000000000004,4.0,0.9861637044490588,1.028278277577597,1.2329564813275447
free,30.0,0.05,-1.2000000000000002,4.0,0.9913836645425934,1.0198416199235112,1.0798428852722715
free,30.0,0.05,0.0,4.0,0.9896688628516497,1.005164301849686,1.02373214541524
free,30.0,0.05,1.1999999999999993,4.0,0.9910663798395973,1.0346817549901144,1.319786380181858
free,30.0,0.05,2.4000000000000004,4.0,0.9786834849096656,1.005679131862137,0.9646730577137682
free,30.0,0.05,3.5999999999999996,4.0,0.9926815870568743,0.9993498043139113,0.9712821117239868
free,30.0,0.05,4.799999999999999,4.0,1.0000938892544653,1.0120759807994983,1.1356199470954873
free,30.0,0.05,6.0,4.0,0.9958396534104704,1.0035694379862647,1.0737147013275812
