control,snr_db,sigma2,eps_over_lambda,xP,yP,alpha_db_m,q,family_size,S_nom,S_hat,L_hat,U_hat,L_nom,U_nom,Gamma,swap_L,swap_Gamma,selection_gap,U_star,rival_U,margin,unique,global_gap,bracket_hat,survivors,n_eval,capped,nom_slnr_nom,nom_slnr_hat,nominal_sacrifice,GD_nom_wit,IP_nom_wit,GD_hat_wit,IP_hat_wit,F_end,Ibar_hat,gcs_seconds,case_seconds
endpoints,10.0,0.0888858741621725,0.0,0.0,0.0,0.0,0.0,74613,0 10 11 12 13 14 15 23,0 10 11 12 13 14 15 23,0.9090756246745615,0.9090756246745615,0.9090756246745615,0.9090756246745615,0.0,0.9090756246745615,0.0,0.0,0.9090756246745615,0.9090756187632233,5.9113381967179635e-09,1,0.0,1.0,0,0,0,0.9090756246745615,0.9090756246745615,0.0,0.8886943824415184,0.8886943824415184,0.8886943824415184,0.8886943824415184,0.8883314216468101,0.8886943824415184,0.01118229198618792,0.047795458987820894
endpoints,10.0,0.0888858741621725,0.0,6.0,1.0,0.0,0.0,74613,0 4 5 9 11 16 17 23,0 4 5 9 11 16 17 23,9.99699292725968,9.99699292725968,9.99699292725968,9.99699292725968,0.0,9.99699292725968,0.0,0.0,9.99699292725968,9.996939589148697,5.3338110982181774e-05,1,0.0,1.0,0,0,0,9.99699292725968,9.99699292725968,0.0,0.8885944498467168,2.9954149274613407e-07,0.8885944498467168,2.9954149274613407e-07,7.779930674797756e-08,2.9954149274613407e-07,0.007443167007295415,0.046070125012192875
endpoints,10.0,0.0888858741621725,0.0,3.0,2.0,0.0,0.0,74613,0 3 4 9 13 17 19 23,0 3 4 9 13 17 19 23,9.996522740236653,9.99652274023665,9.996522740236653,9.99652274023665,4.440892098500626e-16,9.996522740236653,4.440892098500626e-16,0.0,9.99652274023665,9.996466627731449,5.611250520409783e-05,1,-3.3306690738754696e-16,0.9999999999999997,0,0,0,9.99652274023665,9.99652274023665,0.0,0.8885499130210961,2.5076032118926648e-08,0.8885499130210961,2.5076032118926648e-08,2.5076032118924815e-08,2.5076032118926648e-08,0.008117958001093939,0.04692441699444316
endpoints,10.0,0.0888858741621725,0.03,0.0,0.0,0.0,0.0,74613,0 10 11 12 13 14 15 23,0 1 2 3 4 5 6 23,0.8451126104425232,0.9028371467553914,0.8436605717972658,0.90271269538729,-0.06380777099856205,0.8451126104425232,-0.06380777099856205,0.0,0.9028373056615202,0.9028352214039992,-0.05772261096147602,0,0.06830414610518099,1.0683039580756488,74613,74613,0,0.9090756246745615,0.9090477069995604,3.0709958823371686e-05,0.8247572215738785,0.8247572215738785,0.8259274644128205,0.8259274644128205,0.8883132083989573,0.8884029232412409,0.8076477919821627,0.9343932920019142
endpoints,10.0,0.0888858741621725,0.03,6.0,1.0,0.0,0.0,74613,0 4 5 9 11 16 17 23,0 1 7 8 9 16 17 23,9.175487794830875,9.175638053786546,9.171614711202478,9.171749475371302,0.0004075906640943483,9.171614711202478,-1.4693398373455402e-05,0.00042229026734696973,9.175638053786543,9.175021419090312,0.00046637574056340725,1,1.6376127245365524e-05,1.0000163761272458,6,6,0,9.99699292725968,9.99658614216995,4.06907449760352e-05,0.8250133534430947,0.0010657054855800928,0.8250893231886639,0.0010358640703170842,0.0009879318899401622,0.0010365315224794007,0.0825062079820782,0.25164362500072457
endpoints,10.0,0.0888858741621725,0.03,3.0,2.0,0.0,0.0,74613,0 3 4 9 13 17 19 23,0 1 4 8 9 12 13 23,8.842011816970087,8.842329067948693,8.82987315715834,8.830181912123669,0.0013397124729872534,8.842011816970087,0.0013397124729872534,0.0,8.842329067948693,8.841727300052403,0.00028451691768438536,1,3.587995415221812e-05,1.0000358799541522,1,1,0,9.99652274023665,9.990895304247184,0.000562939347580782,0.8248933146068504,0.004531602716111049,0.8253846242627595,0.004458833767164724,0.004437321859358338,0.0044613597754519195,0.04400799999712035,0.1686447920219507
endpoints,10.0,0.0888858741621725,0.08,0.0,0.0,0.0,0.0,74613,0 10 11 12 13 14 15 23,0 1 2 3 4 5 6 23,0.5176279380906522,0.8505696229418722,0.5100251345678546,0.8487170066022678,-0.39010537780677823,0.5176279380906522,-0.39010537780677823,0.0,0.8505721530024106,0.8505386062292658,-0.3329106681386136,0,0.643211446700255,1.6432065589027613,74613,74613,0,0.9090756246745615,0.9090477069995604,3.0709958823371686e-05,0.498661160476983,0.498661160476983,0.5059454841739994,0.5059454841739994,0.8881933200451229,0.888410176689632,0.7661982080026064,0.9135875829961151
endpoints,10.0,0.0888858741621725,0.08,6.0,1.0,0.0,0.0,74613,0 4 5 9 11 16 17 23,0 1 7 8 11 12 14 23,5.247414930141242,5.2483767813221105,5.199284436825468,5.2044187512160915,0.008261475676818675,5.232473614690002,0.005390585349680954,0.002855497524018702,5.248376781322113,5.244665464509685,0.00274946563155698,1,0.00018330000460720086,1.0001833000046068,8,8,0,9.99699292725968,9.991273565782896,0.0005721081847710474,0.5003955084669298,0.0072623284300967605,0.5016343408968228,0.006693075634655323,0.006244716223658539,0.006697505050956718,0.04357000000891276,0.1983041659987066
endpoints,10.0,0.0888858741621725,0.08,3.0,2.0,0.0,0.0,74613,0 3 4 9 13 17 19 23,0 2 4 5 6 8 10 23,4.256020932208363,4.2592230454111375,4.177850743024321,4.179037737251621,0.018421272981222536,4.256020932208363,0.018421272981222536,0.0,4.2918284548543,4.2918284548543,-0.03580752264593645,0,0.00841338029494998,1.0007523725220762,8,8,0,9.99652274023665,9.950338995466913,0.004619980964365111,0.499971400370159,0.030752050117250115,0.5040963408104888,0.029468186058646265,0.029266842863699342,0.029537010462247625,0.05582295800559223,0.19249899999704212
endpoints,30.0,0.000888858741621725,0.0,0.0,0.0,0.0,0.0,74613,0 10 11 12 13 14 15 23,0 10 11 12 13 14 15 23,0.9990008144258209,0.9990008144258209,0.9990008144258209,0.9990008144258209,0.0,0.9990008144258209,0.0,0.0,0.9990008144258209,0.9990008143544341,7.138678537188525e-11,1,0.0,1.0,0,0,0,0.9990008144258209,0.9990008144258209,0.0,0.8886943824415184,0.8886943824415184,0.8886943824415184,0.8886943824415184,0.8883314216468101,0.8886943824415184,0.012296500004595146,0.05042133299866691
endpoints,30.0,0.000888858741621725,0.0,6.0,1.0,0.0,0.0,74613,0 1 2 5 9 11 14 23,0 1 2 5 9 11 14 23,999.5202902604813,999.5202902604813,999.5202902604813,999.5202902604813,0.0,999.5202902604813,0.0,0.0,999.5202902604813,999.36587975565,0.15441050483127583,1,0.0,1.0,0,0,0,999.5202902604813,999.5202902604813,0.0,0.8885101094119755,7.77993067479727e-08,0.8885101094119755,7.77993067479727e-08,7.779930674797756e-08,7.77993067479727e-08,0.0063501669792458415,0.0395742499968037
endpoints,30.0,0.000888858741621725,0.0,3.0,2.0,0.0,0.0,74613,0 3 4 9 13 17 19 23,0 3 4 9 13 17 19 23,999.6243551450526,999.6243551450524,999.6243551450526,999.6243551450524,2.220446049250313e-16,999.6243551450526,2.220446049250313e-16,0.0,999.6243551450524,998.4046054023805,1.219749742672093,1,-2.220446049250313e-16,0.9999999999999998,0,0,0,999.6243551450524,999.6243551450524,0.0,0.8885499130210961,2.5076032118926648e-08,0.8885499130210961,2.5076032118926648e-08,2.5076032118924815e-08,2.5076032118926648e-08,0.007618959003593773,0.04138208299991675
endpoints,30.0,0.000888858741621725,0.03,0.0,0.0,0.0,0.0,74613,0 10 11 12 13 14 15 23,0 1 2 3 4 5 6 23,0.9287380176709528,0.9989249622718737,0.9271143724440514,0.9989234385497451,-0.07026106122876519,0.9287380176709528,-0.07026106122876519,0.0,0.9989249642171776,0.9989249387019697,-0.07018692103101698,0,0.07557238447311176,1.0755723823785448,74613,74613,0,0.9990008144258209,0.999000477275097,3.3748793693000323e-07,0.8247572215738785,0.8247572215738785,0.8259274644128205,0.8259274644128205,0.8883132083989573,0.8884029232412409,0.6884806669841055,0.8291326249891426
endpoints,30.0,0.000888858741621725,0.03,6.0,1.0,0.0,0.0,74613,0 1 2 5 9 11 14 23,0 7 8 11 12 19 22 23,439.1863197219727,439.33672532229286,353.1479207834647,353.2342407203683,0.24332884271444932,414.01014147215733,0.17205551938522645,0.060810535124315335,439.33672532229275,432.60963974669806,6.576679975274658,1,0.00034246421977623953,1.0003424642197767,14,14,0,999.5202902604813,983.9636752843862,0.015564081217441683,0.8254720648386883,0.0014480383359528096,0.8245430501859575,0.0009879318899401626,0.0009879318899401622,0.0009885567743178954,0.04990112502127886,0.21961362499860115
endpoints,30.0,0.000888858741621725,0.03,3.0,2.0,0.0,0.0,74613,0 3 4 9 13 17 19 23,0 1 4 9 12 13 17 23,154.84694352469364,154.92119246573785,152.11769518643897,152.181381795468,0.017515688829847553,154.84694352469364,0.017515688829847553,0.0,154.92119246573776,154.3440695041128,0.5028740205808333,1,0.0004794989126297722,1.0004794989126302,1,1,0,999.6243551450524,957.0604860364564,0.042579864015437785,0.8248933146068504,0.004531602716111049,0.8251382499917114,0.004437321859358336,0.004437321859358338,0.004439824236930771,0.03910716701648198,0.16430858298554085
endpoints,30.0,0.000888858741621725,0.08,0.0,0.0,0.0,0.0,74613,0 10 11 12 13 14 15 23,0 1 2 3 4 5 6 23,0.5688477323729909,0.998246253920939,0.5604759785695541,0.998220681198227,-0.4301383019933356,0.5688477323729909,-0.4301383019933356,0.0,0.9982462887695345,0.9982458266857078,-0.4293980943127169,0,0.7548567603588316,1.7548566990971028,74613,74613,0,0.9990008144258209,0.999000477275097,3.3748793693000323e-07,0.498661160476983,0.498661160476983,0.5059454841739994,0.5059454841739994,0.8881933200451229,0.888410176689632,0.46983554199687205,0.581608291977318
endpoints,30.0,0.000888858741621725,0.08,6.0,1.0,0.0,0.0,74613,0 1 2 5 9 11 14 23,0 7 8 11 12 19 22 23,69.76258816353906,69.81825390074336,46.24004951810869,46.26403111560857,0.5079228178195339,62.408737834408676,0.3489688712696979,0.11783366535376216,69.81825390074336,68.32862181810573,1.4339663454333333,1,0.0007979310783854388,1.0007979310783854,35,35,0,999.5202902604813,983.9636752843862,0.015564081217441683,0.5031068144299181,0.009985827322217183,0.4980537481459239,0.006244716223658539,0.006244716223658539,0.006249402065158899,0.03655849999631755,0.1956129169848282
endpoints,30.0,0.000888858741621725,0.08,3.0,2.0,0.0,0.0,74613,0 3 4 9 13 17 19 23,0 2 4 8 10 14 15 23,16.579694488791585,16.606617198699336,15.791538975446867,15.80142348629064,0.04925322096304652,16.579694488791585,0.04925322096304652,0.0,16.606617198699336,16.605580158647026,-0.02588566985544105,0,0.0016238363092848651,1.0016238363092849,3,3,0,999.6243551450524,712.5526712776737,0.2871795613920618,0.499971400370159,0.030752050117250115,0.5016219477821239,0.02931728991467487,0.029266842863699342,0.029362251863186188,0.05436208299943246,0.20281966699985787
free,10.0,0.0888858741621725,0.0,0.0,0.0,0.0,0.0,735471,9 10 11 12 13 14 15 16,9 10 11 12 13 14 15 16,0.9090909230990056,0.909090923099006,0.9090909230990056,0.909090923099006,-3.3306690738754696e-16,0.9090909230990056,-3.3306690738754696e-16,0.0,0.909090923099006,0.9090909090909091,1.4008096571593853e-08,1,4.440892098500626e-16,1.0000000000000004,1,1,0,0.909090923099006,0.909090923099006,0.0,0.888858892281503,0.888858892281503,0.888858892281503,0.888858892281503,0.8883314216468101,0.888858892281503,0.02282833299250342,0.39616774997557513
free,10.0,0.0888858741621725,0.0,6.0,1.0,0.0,0.0,735471,6 7 8 9 13 14 18 20,6 7 8 9 13 14 18 20,9.998859530352652,9.998859530352652,9.998859530352652,9.998859530352652,0.0,9.998859530352652,0.0,0.0,9.998859530352652,9.998798733915365,6.079643728718054e-05,1,0.0,1.0,0,0,0,9.998859530352652,9.998859530352652,0.0,0.8887587153849636,1.3455582553527906e-07,0.8887587153849636,1.3455582553527906e-07,3.5055989265535155e-09,1.3455582553527906e-07,0.01855612499639392,0.3433342089992948
free,10.0,0.0888858741621725,0.0,3.0,2.0,0.0,0.0,735471,3 5 10 11 13 14 15 20,3 5 10 11 13 14 15 20,9.99856133256934,9.998561332569336,9.99856133256934,9.998561332569336,4.440892098500626e-16,9.99856133256934,4.440892098500626e-16,0.0,9.99856133256934,9.998198327575174,0.0003630049941651947,1,0.0,0.9999999999999997,0,0,0,9.998561332569336,9.998561332569336,0.0,0.8887426978197606,1.1835112917861285e-06,0.8887426978197606,1.1835112917861285e-06,1.4731877936950378e-08,1.1835112917861285e-06,0.020582791999913752,0.37948608299484476
free,10.0,0.0888858741621725,0.03,0.0,0.0,0.0,0.0,735471,9 10 11 12 13 14 15 16,0 1 2 3 4 5 6 7,0.8455580439843778,0.9028890281326638,0.8436215404045464,0.9027232285910298,-0.06332526160413021,0.8455580439843778,-0.06332526160413021,0.0,0.9028890439019867,0.9028868129109914,-0.05732876892661354,0,0.06780255988986617,1.0678025412402619,735471,199936,1,0.909090923099006,0.9090536512017152,4.09990863881049e-05,0.8248561515520576,0.8248561515520576,0.8264162019369115,0.8264162019369115,0.8883132083989573,0.8884664519115897,1.8963172920048237,3.3497393340221606
free,10.0,0.0888858741621725,0.03,6.0,1.0,0.0,0.0,735471,6 7 8 9 13 14 18 20,0 2 3 4 5 6 12 19,9.193718961665812,9.193885617286377,9.18390242696015,9.190525140944375,0.00034751232083674033,9.18390242696015,-0.0007206023467277722,0.0010688849085378482,9.193885617286378,9.191206561315088,0.0025124003507244197,1,1.8127117139554727e-05,1.0000181271171393,33,33,0,9.998859530352652,9.995939462048087,0.00029204013674766216,0.8248980717879947,0.000869396525573208,0.8258638194957965,0.0009416322778689426,0.0008727014089543333,0.0009422760430072675,0.0759179999877233,1.4257748749805614
free,10.0,0.0888858741621725,0.03,3.0,2.0,0.0,0.0,735471,3 5 10 11 13 14 15 20,0 1 4 5 9 12 13 17,8.842319049479574,8.842646169634095,8.702877302588751,8.703169653813326,0.015988358402881264,8.830722810781815,0.014655942839469027,0.001313169821568927,8.842646169634099,8.842329067948693,-1.0018469119188467e-05,0,3.699483729269204e-05,1.0000369948372922,13,13,0,9.998561332569336,9.987891969263512,0.001067089849323688,0.8249936312176556,0.005906444502577592,0.8256650793272338,0.00448720257164409,0.004437321859358338,0.0044897616872830665,0.06206624998594634,1.3362424579972867
free,10.0,0.0888858741621725,0.08,0.0,0.0,0.0,0.0,735471,9 10 11 12 13 14 15 16,0 1 2 3 4 5 6 7,0.5198972521335894,0.8511326960274629,0.5097505750522158,0.8486687912010484,-0.387396758872418,0.5198972521335894,-0.387396758872418,0.0,0.8511332363974629,0.8510995738765179,-0.3312023217429285,0,0.637118166915722,1.6371171275372722,735471,199936,1,0.909090923099006,0.9090536512017152,4.09990863881049e-05,0.4984739630295087,0.4984739630295087,0.5081953638951119,0.5081953638951119,0.8881933200451229,0.8884731284790698,2.092405625007814,3.3506962090032175
free,10.0,0.0888858741621725,0.08,6.0,1.0,0.0,0.0,735471,6 7 8 9 13 14 18 20,0 2 3 4 5 6 12 19,5.315520732475665,5.316534723782356,5.233925500313938,5.2607623675490505,0.010408826915351943,5.294921921711883,0.006493270704174936,0.003890295469573646,5.316534723782358,5.306756692804434,0.008764039671230961,1,0.00019076048382205002,1.0001907604838216,9,9,0,9.998859530352652,9.995939462048087,0.00029204013674766216,0.499109148510202,0.0059880459352169586,0.5050512354221801,0.006110446121967426,0.005976995047704738,0.006115067106002774,0.11564562501735054,1.4196856250055134
free,10.0,0.0888858741621725,0.08,3.0,2.0,0.0,0.0,735471,3 5 10 11 13 14 15 20,0 1 4 5 10 11 14 15,4.283765689389806,4.284775586917265,3.8949107980076336,3.8959928318399766,0.09953120405683458,4.191321010206288,0.07580305999352555,0.022056215441004445,4.293123814563186,4.293123814563186,-0.009358125173379861,0,0.0021845557978481533,1.0002357499454182,677,133,0,9.998561332569336,9.95961989101659,0.0038947044737224212,0.499660620027476,0.039364007599416675,0.5038507467665782,0.028705055991786816,0.028705055991786816,0.028717058120094813,0.06344358398928307,1.336816541996086
free,30.0,0.000888858741621725,0.0,0.0,0.0,0.0,0.0,735471,9 10 11 12 13 14 15 16,9 10 11 12 13 14 15 16,0.9990009991701582,0.9990009991701585,0.9990009991701582,0.9990009991701585,-3.3306690738754696e-16,0.9990009991701582,-3.3306690738754696e-16,0.0,0.9990009991701585,0.999000999000999,1.6915913114701198e-10,1,4.440892098500626e-16,1.0000000000000004,1,1,0,0.9990009991701585,0.9990009991701585,0.0,0.888858892281503,0.888858892281503,0.888858892281503,0.888858892281503,0.8883314216468101,0.888858892281503,0.02376333301072009,0.37008137500379235
free,30.0,0.000888858741621725,0.0,6.0,1.0,0.0,0.0,735471,3 6 10 11 12 13 17 20,3 6 10 11 12 13 17 20,999.8207317155424,999.8207317155427,999.8207317155424,999.8207317155427,-3.3306690738754696e-16,999.8207317155424,-3.3306690738754696e-16,0.0,999.8207317155427,999.7361261744377,0.0846055411046791,1,4.440892098500626e-16,1.0000000000000004,1,1,0,999.8207317155427,999.8207317155427,0.0,0.8887436362149577,4.424670699926374e-08,0.8887436362149577,4.424670699926374e-08,3.5055989265535155e-09,4.424670699926374e-08,0.019090042012976483,0.38696329199592583
free,30.0,0.000888858741621725,0.0,3.0,2.0,0.0,0.0,735471,1 6 7 8 16 18 19 20,1 6 7 8 16 18 19 20,999.7374695019918,999.7374695019918,999.7374695019918,999.7374695019918,0.0,999.7374695019918,0.0,0.0,999.7374695019921,999.631059940495,0.1064095614967755,1,4.440892098500626e-16,1.0,1,1,0,999.7374695019918,999.7374695019918,0.0,0.8886401171039978,1.4731877936952054e-08,0.8886401171039978,1.4731877936952054e-08,1.4731877936950378e-08,1.4731877936952054e-08,0.02095470897620544,0.3616655830119271
free,30.0,0.000888858741621725,0.03,0.0,0.0,0.0,0.0,735471,9 10 11 12 13 14 15 16,0 1 2 3 4 5 6 7,0.9292215509586761,0.998925597359585,0.9270561392765794,0.998923567529272,-0.06977712693574367,0.9292215509586761,-0.06977712693574367,0.0,0.9989255975526087,0.9989255702441998,-0.06970401928552372,0,0.07501337708108369,1.0750133768733574,735471,199936,1,0.9990009991701585,0.9990005490625925,4.5055767350365983e-07,0.8248561515520576,0.8248561515520576,0.8264162019369115,0.8264162019369115,0.8883132083989573,0.8884664519115897,2.5324460420233663,3.769886540976586
free,30.0,0.000888858741621725,0.03,6.0,1.0,0.0,0.0,735471,3 6 10 11 12 13 17 20,0 2 6 13 14 16 17 20,468.1191914539006,468.30997661018966,408.128980820509,408.2570781271609,0.14662847635453424,416.8518227015214,0.02105228552016314,0.1229870327065552,468.30997661018966,461.7333702044685,6.3858212494321265,1,0.0004075567927401824,1.0004075567927402,208,128,0,999.8207317155427,999.0181703238529,0.0008027052912902288,0.8249646299831617,0.0011318401615488102,0.824956192913716,0.0008727014089543333,0.0008727014089543333,0.0008734039811185684,0.0913135839800816,1.4568213750026189
free,30.0,0.000888858741621725,0.03,3.0,2.0,0.0,0.0,735471,1 6 7 8 16 18 19 20,0 1 4 9 12 13 17 23,154.84694352469364,154.92119246573785,121.47464308950504,121.51113971743284,0.27434360244485645,151.83576319011348,0.2495624972590893,0.019831825330965502,154.92119246573776,154.3440695041128,0.5028740205808333,1,0.0004794989126297722,1.0004794989126302,13,13,0,999.7374695019918,957.0604860364564,0.042688190417424776,0.8247911699443902,0.00589892361201593,0.8251382499917114,0.004437321859358336,0.004437321859358338,0.004439824236930771,0.08878474999801256,1.5007427500095218
free,30.0,0.000888858741621725,0.08,0.0,0.0,0.0,0.0,735471,9 10 11 12 13 14 15 16,0 1 2 3 4 5 6 7,0.5713379558858052,0.9982540045397243,0.5601650798078706,0.9982200141803326,-0.4276432572282701,0.5713379558858052,-0.4276432572282701,0.0,0.9982540119729708,0.9982535488987114,-0.42691559301290627,0,0.7472215904600157,1.7472215774497712,735471,199936,1,0.9990009991701585,0.9990005490625925,4.5055767350365983e-07,0.4984739630295087,0.4984739630295087,0.5081953638951119,0.5081953638951119,0.8881933200451229,0.8884731284790698,2.1849162919970695,3.6058298329880927
free,30.0,0.000888858741621725,0.08,6.0,1.0,0.0,0.0,735471,3 6 10 11 12 13 17 20,0 1 2 4 8 15 16 22,72.53860573507306,73.48986574793281,57.071739909394324,57.1070371692605,0.2702218383362225,72.53860573507306,0.2702218383362225,0.0,73.48986574793285,73.33381253935964,-0.795206804286579,0,0.01311384473440258,1.013113844734402,4,4,0,999.8207317155427,989.887731155319,0.009934781551468874,0.49951832867994855,0.00785819509693442,0.5026858460449198,0.005951347604231612,0.005976995047704738,0.006040069593202724,0.08032062498386949,1.5087481250229757
free,30.0,0.000888858741621725,0.08,3.0,2.0,0.0,0.0,735471,1 6 7 8 16 18 19 20,0 1 4 5 10 11 14 15,17.016308214181766,17.02548484394265,12.186377147727336,12.193032714314075,0.39557636011304886,16.83563209622465,0.38075837986232663,0.01073176919788077,17.02548484394265,16.871321459101512,0.14498675508025372,1,0.0005392844114822104,1.0005392844114822,3,3,0,999.7374695019918,725.6159844949584,0.2741934691550413,0.4990561478552306,0.04004075733899135,0.5038507467665782,0.028705055991786816,0.028705055991786816,0.028717058120094813,0.09637995797675103,1.522146834002342
