M,control,xP,yP,eps_over_lambda,snr_db,min_gap_over_lambda,family_size,templates,survivors,survivor_frac,n_eval,capped,exact,unique,margin,L_hat,U_star,global_gap,incumbent_improvement,selection_gap,U_nom,Gamma,S_hat,S_nom,t_family,t_bank,t_nominal,t_gcs,t_total
16,endpoints,-6.0,1.0,0.03,30.0,0.6867994098059329,3003,32,1,0.000333000333000333,1,0,1,1,1.2067828238954377,53.577333877815434,54.025074960566634,0.008356912342302847,0.0,0.0,49.66725099435552,0.07872557480389397,0 3 4 5 6 7 9 15,0 3 4 10 11 12 14 15,0.006214374996488914,0.005400583992013708,0.0002677080046851188,0.012642917019547895,0.038950916001340374
16,endpoints,0.0,1.0,0.03,30.0,0.6867994098059329,3003,32,3003,1.0,3003,0,1,0,-0.0766917775479159,1.0309969367828102,1.1076887143307261,0.07438603822357592,0.0,0.0,1.1056945701611443,-0.06755720376509367,0 1 2 3 4 5 6 15,0 1 6 7 8 9 10 15,0.005925749981543049,0.004095708020031452,0.00024333401233889163,0.04519316699588671,0.06601191699155606
16,endpoints,6.0,1.0,0.03,30.0,0.6867994098059329,3003,32,3,0.000999000999000999,3,0,1,1,4.4134797628084925,411.10930574295094,411.2822365474475,0.00042064434465682865,0.01642847975070061,0.01642847975070061,404.5876352508815,0.016119302528920354,0 1 3 9 10 11 12 15,0 5 6 8 9 12 14 15,0.0060638749855570495,0.004277375002857298,0.0002504170115571469,0.010804624995216727,0.025228082988178357
16,endpoints,-3.0,2.0,0.03,30.0,0.6867994098059329,3003,32,4,0.001332001332001332,4,0,1,1,0.15656671911435893,29.291055107331697,29.564198068801467,0.009325132210802556,0.020596772758903592,0.020596772758903592,27.07618403827152,0.08180144831079272,0 2 5 6 7 10 12 15,0 2 3 4 7 10 12 15,0.005991833022562787,0.004320209001889452,0.0002666669897735119,0.013231999997515231,0.06186366602196358
16,endpoints,3.0,2.0,0.03,30.0,0.6867994098059329,3003,32,1,0.000333000333000333,1,0,1,1,0.26634444781817024,143.81281382489078,143.8826812807518,0.00048582218790382825,0.0,0.0,110.63457320201675,0.2998903476790311,0 1 5 8 9 13 14 15,0 6 7 8 9 10 14 15,0.007167208008468151,0.00419375000637956,0.00025154100148938596,0.014352999976836145,0.03002195799490437
16,endpoints,0.0,4.0,0.03,30.0,0.6867994098059329,3003,32,3003,1.0,3003,0,1,0,-0.15866487826902453,2.572941491474702,2.7316063697437265,0.061666726116684556,0.0,0.0,2.698610661774856,-0.04656809968189435,0 1 2 3 4 5 6 15,0 1 6 7 8 9 10 15,0.00593637500423938,0.0042168340005446225,0.00025850001838989556,0.043193958001211286,0.061757791991112754
16,endpoints,-6.0,1.0,0.05,30.0,0.6867994098059329,3003,32,7,0.002331002331002331,7,0,1,0,-0.7273418597490355,18.57343458977497,19.824070387175638,0.06733465430724195,0.0,0.0,17.646915782668362,0.05250315797486671,0 3 4 5 6 7 9 15,0 3 4 10 11 12 14 15,0.006014541024342179,0.004097208991879597,0.00024512497475370765,0.01623341700178571,0.046568875026423484
16,endpoints,0.0,1.0,0.05,30.0,0.6867994098059329,3003,32,3003,1.0,3003,0,1,0,-0.20587410276587192,0.9001414665185927,1.1060155692844647,0.22871305280726073,0.0,0.0,1.1025374113391706,-0.18357285906039456,0 1 2 3 4 5 6 15,0 1 6 7 8 9 10 15,0.006095290998928249,0.004182957985904068,0.0002576249826233834,0.04500820898101665,0.0688021249952726
16,endpoints,6.0,1.0,0.05,30.0,0.6867994098059329,3003,32,2,0.000666000666000666,2,0,1,1,0.9287988001835856,190.45601342335328,190.5671053893852,0.0005832946097898972,0.00537446707403566,0.00537446707403566,179.11698599334218,0.06330514868328896,0 1 3 9 10 11 12 15,0 5 6 8 9 12 14 15,0.005921333009609953,0.004050874995300546,0.00023054200573824346,0.011417000001529232,0.024534374999348074
16,endpoints,-3.0,2.0,0.05,30.0,0.6867994098059329,3003,32,4,0.001332001332001332,4,0,1,0,-0.10228960658081299,10.561598921205086,10.663888527785899,0.009685049332392337,0.0,0.0,9.435626030990894,0.11933208104221005,0 2 5 6 7 10 12 15,0 2 3 4 7 10 12 15,0.00598483401699923,0.004104457999346778,0.00023962499108165503,0.015894041978754103,0.06270300000323914
16,endpoints,3.0,2.0,0.05,30.0,0.6867994098059329,3003,32,1,0.000333000333000333,1,0,1,1,0.6064143582430574,53.85380586247267,53.87570042213408,0.0004065554757137768,0.0,0.0,39.89775017190277,0.34979555565010734,0 1 4 5 10 11 14 15,0 6 7 8 9 10 14 15,0.005991250014631078,0.004223791998811066,0.0002941249986179173,0.01582487500854768,0.031193333998089656
16,endpoints,0.0,4.0,0.05,30.0,0.6867994098059329,3003,32,3003,1.0,3003,0,1,0,-0.45575015388038365,2.246382653834831,2.7021328077152145,0.20288179892342306,0.0,0.0,2.642192726988886,-0.1498036343492365,0 1 2 3 4 5 6 15,0 1 6 7 8 9 10 15,0.005927750025875866,0.0041705000039655715,0.0002512499922886491,0.043379416019888595,0.06146491601248272
16,free,-6.0,1.0,0.03,30.0,0.6867994098059329,12870,32,6,0.0004662004662004662,6,0,1,1,0.11092394817578821,55.797909622987035,55.90017988897138,0.0018328691285276477,0.03557979366936492,0.03557979366936492,34.62159975650119,0.6116502419131973,2 3 4 5 6 7 8 14,1 2 5 9 11 13 14 15,0.005745625006966293,0.018310749990632758,0.0009680420043878257,0.019244291994255036,0.04805316700367257
16,free,0.0,1.0,0.03,30.0,0.6867994098059329,12870,32,12870,1.0,12870,0,1,0,-0.07778031170322297,1.031269590587537,1.10904990229076,0.07542189977589642,0.0,0.0,1.1056945701611443,-0.06731061323992982,0 1 2 3 4 5 6 7,0 1 6 7 8 9 10 15,0.00622687500435859,0.01890054199611768,0.0009205829992424697,0.19190937498933636,0.22894833298050798
16,free,6.0,1.0,0.03,30.0,0.6867994098059329,12870,32,5,0.0003885003885003885,5,0,1,1,15.824093197522416,437.67924584849294,439.9954133979258,0.005291929127100081,0.05892935066678495,0.05892935066678495,404.5876352508815,0.08179095877977494,1 2 3 4 8 9 13 15,0 5 6 8 9 12 14 15,0.005814625008497387,0.01802545797545463,0.0009611250134184957,0.02315766699030064,0.05205445899628103
16,free,-3.0,2.0,0.03,30.0,0.6867994098059329,12870,32,8,0.0006216006216006216,8,0,1,0,-0.09712011817436306,29.519746768065875,29.61686688624024,0.0032900051256343765,0.0255059297215805,0.0255059297215805,22.38540317356038,0.31870516421754425,0 4 7 8 10 12 13 14,1 2 3 4 9 10 13 14,0.005890458996873349,0.019879916013451293,0.0010929999989457428,0.03719533301773481,0.0683837500109803
16,free,3.0,2.0,0.03,30.0,0.6867994098059329,12870,32,1,7.77000777000777e-05,1,0,1,1,0.821657034426579,148.13331976546073,148.2056170513403,0.0004880555299378031,0.0,0.0,110.63457320201675,0.33894238914784736,1 2 5 9 10 13 14 15,0 6 7 8 9 10 14 15,0.0062872499984223396,0.01815687501220964,0.0010384170163888484,0.027999000012641773,0.05792891699820757
16,free,0.0,4.0,0.03,30.0,0.6867994098059329,12870,32,12870,1.0,12870,0,1,0,-0.18184958383458527,2.5736720322710007,2.755521616105586,0.0706576368528673,0.0,0.0,2.698610661774856,-0.04629738971744979,0 1 2 3 4 5 6 7,0 1 6 7 8 9 10 15,0.00586162498802878,0.01791379100177437,0.0010078750201500952,0.19577104100608267,0.2292714579962194
16,free,-6.0,1.0,0.05,30.0,0.6867994098059329,12870,32,12,0.0009324009324009324,12,0,1,0,-1.3548917385178427,19.22442775717811,20.57931949569595,0.07047761086214632,0.0,0.0,12.514054789903216,0.5362269128539423,0 2 3 4 5 6 7 14,1 2 5 9 11 13 14 15,0.0062629580206703395,0.018218165991129354,0.0010159579978790134,0.025212000007741153,0.05414937500609085
16,free,0.0,1.0,0.05,30.0,0.6867994098059329,12870,32,12870,1.0,12870,0,1,0,-0.20751766209322442,0.9008264994387054,1.1083441615319298,0.23036362964735857,0.0,0.0,1.1025374113391706,-0.18295153509164086,0 1 2 3 4 5 6 7,0 1 6 7 8 9 10 15,0.0058510829985607415,0.01830637498642318,0.0010101250081788749,0.19403370798681863,0.23380908300168812
16,free,6.0,1.0,0.05,30.0,0.6867994098059329,12870,32,6,0.0004662004662004662,6,0,1,1,5.560410121428021,204.28156350413278,207.36144444923048,0.015076646625701962,0.04198452870550695,0.04198452870550695,179.11698599334218,0.14049241266110823,1 2 3 4 8 9 13 15,0 5 6 8 9 12 14 15,0.005815207987325266,0.018033500004094094,0.0010077089827973396,0.021972541988361627,0.049948332976782694
16,free,-3.0,2.0,0.05,30.0,0.6867994098059329,12870,32,25,0.0019425019425019425,25,0,1,0,-0.3410933720442131,10.561598921205086,10.902692293249299,0.03229561874001696,0.02109034218483319,0.02109034218483319,7.824315299736593,0.34984321523451944,0 2 5 6 7 10 12 15,1 2 3 4 9 10 13 14,0.007760125008644536,0.02101783300167881,0.0010618329979479313,0.03534783300710842,0.06948050000937656
16,free,3.0,2.0,0.05,30.0,0.6867994098059329,12870,32,1,7.77000777000777e-05,1,0,1,1,0.23463784194807857,54.131895784526016,54.16222431979723,0.0005602710718268789,0.0,0.0,39.89775017190277,0.3567656209007837,0 1 4 5 6 10 11 14,0 6 7 8 9 10 14 15,0.00576666701817885,0.01802641697577201,0.0009742499969433993,0.029875875014113262,0.05966808300581761
16,free,0.0,4.0,0.05,30.0,0.6867994098059329,12870,32,12870,1.0,12870,0,1,0,-0.4961373599355592,2.248135665448895,2.7442730253844543,0.2206883541596647,0.0,0.0,2.642192726988886,-0.14914016586105328,0 1 2 3 4 5 6 7,0 1 6 7 8 9 10 15,0.005851832975167781,0.018400458997348323,0.0010110419825650752,0.12647045799531043,0.15999399998690933
24,endpoints,-6.0,1.0,0.03,30.0,0.6822207183822012,74613,48,9,0.00012062241164408347,9,0,1,0,-0.9576047487090094,52.68634479409468,53.64394954280369,0.01817557760841937,0.005824773506052594,0.005824773506052594,33.40463319393053,0.5772166839319628,0 8 9 15 17 19 20 23,0 1 4 5 14 17 18 23,0.11227608300396241,0.14454470900818706,0.005670332990121096,0.049531584023498,0.31590754198259674
24,endpoints,0.0,1.0,0.03,30.0,0.6822207183822012,74613,48,74613,1.0,74613,0,1,0,-0.07453702809733409,1.0317597054780263,1.1062967335753604,0.0722426236473348,0.0,0.0,1.100021121643754,-0.062054641336091065,0 1 2 3 4 5 6 23,0 1 10 11 12 13 14 23,0.10543991602025926,0.1381981669983361,0.005213917000219226,0.9351203749829438,1.1948975000123028
24,endpoints,6.0,1.0,0.03,30.0,0.6822207183822012,74613,48,14,0.00018763486255746317,14,0,1,1,6.576679975274658,439.1863197219727,439.33672532229275,0.00034246421977623953,0.060810535124315335,0.060810535124315335,353.2342407203683,0.24332884271444932,0 7 8 11 12 19 22 23,0 1 2 5 9 11 14 23,0.12120366599992849,0.1786905420012772,0.005419249995611608,0.04212266599643044,0.3517977500159759
24,endpoints,-3.0,2.0,0.03,30.0,0.6822207183822012,74613,48,2,2.6804980365351884e-05,2,0,1,0,-0.35779148036616704,31.475436337302693,31.83322781766886,0.011367323919895478,0.0,0.0,26.88620105905676,0.17069110166086565,0 4 6 9 10 14 19 23,0 1 2 8 10 14 20 23,0.11070279098930769,0.15360154199879616,0.005389124999055639,0.054765042004873976,0.3427132079959847
24,endpoints,3.0,2.0,0.03,30.0,0.6822207183822012,74613,48,1,1.3402490182675942e-05,1,0,1,1,0.5028740205808333,154.84694352469364,154.92119246573776,0.0004794989126297722,0.0,0.0,152.181381795468,0.017515688829847553,0 1 4 9 12 13 17 23,0 3 4 9 13 17 19 23,0.10085208399686962,0.14096350001636893,0.0057518749963492155,0.048427000001538545,0.3008757500210777
24,endpoints,0.0,4.0,0.03,30.0,0.6822207183822012,74613,48,74613,1.0,74613,0,1,0,-0.1354423968367211,2.5743454619774866,2.7097878588142077,0.052612362574167015,0.0,0.0,2.628006850674537,-0.02041904444932363,0 1 2 3 4 5 6 23,0 1 10 11 12 13 14 23,0.10478370799683034,0.14643933300976641,0.005465333990287036,0.9192116670019459,1.1832510829844978
24,endpoints,-6.0,1.0,0.05,30.0,0.6822207183822012,74613,48,111,0.0014876764102770294,111,0,1,0,-1.2391961600730994,18.631154568221977,19.870350728295076,0.0665120433377071,0.008182177318970751,0.008182177318970751,12.079657440838082,0.5423578573706105,0 2 3 14 15 17 22 23,0 1 4 5 14 17 18 23,0.10798145801527426,0.14698962497641332,0.00542779199895449,0.07384416699642316,0.3382490420190152
24,endpoints,0.0,1.0,0.05,30.0,0.6822207183822012,74613,48,74613,1.0,74613,0,1,0,-0.20142187573507653,0.9021476464381548,1.1035695221732313,0.22326930245877952,0.0,0.0,1.092625012523501,-0.17433004361251458,0 1 2 3 4 5 6 23,0 1 10 11 12 13 14 23,0.10113825000007637,0.13915441697463393,0.005486332986038178,1.0101419580169022,1.2702575419971254
24,endpoints,6.0,1.0,0.05,30.0,0.6822207183822012,74613,48,14,0.00018763486255746317,14,0,1,1,6.276583807755856,208.48969212356164,208.60311529289052,0.0005440229115099005,0.07955880243973534,0.07955880243973534,148.2073410138236,0.4067433549335142,0 7 8 11 12 19 22 23,0 1 2 5 9 11 14 23,0.10727537499042228,0.13744279197999276,0.005317958013620228,0.027325125003699213,0.28168295801151544
24,endpoints,-3.0,2.0,0.05,30.0,0.6822207183822012,74613,48,27,0.0003618672349322504,27,0,1,0,-0.4688518499507328,10.89348950207862,11.362341352029352,0.043039638479595466,0.0,0.0,9.221702796307408,0.18128828728254343,0 4 6 9 10 14 19 23,0 1 2 8 10 14 20 23,0.11283466598251835,0.14646975000505336,0.005561500001931563,0.053247957985149696,0.3283313330030069
24,endpoints,3.0,2.0,0.05,30.0,0.6822207183822012,74613,48,1,1.3402490182675942e-05,1,0,1,1,0.04661577070066869,55.57400718499342,55.60399642291999,0.0005396270567055161,0.0,0.0,54.06748919641997,0.027863657272866327,0 1 4 8 9 12 13 23,0 3 4 9 13 17 19 23,0.10828924999805167,0.15763566698296927,0.005249375011771917,0.059563791000982746,0.3352915830037091
24,endpoints,0.0,4.0,0.05,30.0,0.6822207183822012,74613,48,74613,1.0,74613,0,1,0,-0.41028891844555426,2.250954163016251,2.661243081461805,0.18227333332091145,0.0,0.0,2.4993738820237663,-0.09939278024557407,0 1 2 3 4 5 6 23,0 1 10 11 12 13 14 23,0.10907712500193156,0.14801241701934487,0.0061202910146676,0.91207249998115,1.1862713749869727
24,free,-6.0,1.0,0.03,30.0,0.6822207183822012,735471,48,3,4.0790187512492e-06,3,0,1,0,-0.0954107711890444,56.39847101391529,56.493881785104335,0.0016917262023912194,0.0,0.0,34.135265748726894,0.6522054179706722,6 7 8 9 10 11 18 22,7 10 11 12 14 15 16 21,0.10735541698522866,1.5269458750262856,0.05643079100991599,0.109256291994825,1.8042342499829829
24,free,0.0,1.0,0.03,30.0,0.6822207183822012,735471,48,735471,1.0,199936,1,0,0,-0.07674564791983185,1.0323042543709282,1.10904990229076,0.07434401979346639,0.0,,1.100021121643754,-0.06155960639340907,0 1 2 3 4 5 6 7,0 1 10 11 12 13 14 23,0.14646604101289995,1.6280700829811394,0.059240167000098154,2.698433792014839,4.544017750013154
24,free,6.0,1.0,0.03,30.0,0.6822207183822012,735471,48,208,0.00028281196675327785,128,0,1,1,6.3858212494321265,468.1191914539006,468.30997661018966,0.0004075567927401824,0.1229870327065552,0.1229870327065552,408.2570781271609,0.14662847635453424,0 2 6 13 14 16 17 20,3 6 10 11 12 13 17 20,0.086274625005899,1.5114806249912363,0.05801591699128039,0.08669916598591954,1.746832250006264
24,free,-3.0,2.0,0.03,30.0,0.6822207183822012,735471,48,22,2.9912804175827462e-05,22,0,1,1,0.08054163311095408,32.26958045477323,32.33283643738983,0.001960235668550414,0.037416920842391566,0.037416920842391566,30.27759865293026,0.06579061386858642,0 1 4 8 14 16 17 18,2 5 8 10 13 16 18 19,0.08570245798910037,1.430451041989727,0.055840916000306606,0.09764033299870789,1.6872047499928158
24,free,3.0,2.0,0.03,30.0,0.6822207183822012,735471,48,13,1.7675747922079866e-05,13,0,1,1,0.5028740205808333,154.84694352469364,154.92119246573776,0.0004794989126297722,0.019831825330965502,0.019831825330965502,121.51113971743284,0.27434360244485645,0 1 4 9 12 13 17 23,1 6 7 8 16 18 19 20,0.10342829200089909,1.5641297500114888,0.054170124989468604,0.08627291701850481,1.8130406250129454
24,free,0.0,4.0,0.03,30.0,0.6822207183822012,735471,48,735471,1.0,199936,1,0,0,-0.17971800127204007,2.575803614833546,2.755521616105586,0.06977162398448367,0.0,,2.628006850674537,-0.01986419321075672,0 1 2 3 4 5 6 7,0 1 10 11 12 13 14 23,0.08707554201828316,1.5412365000229329,0.05757941599586047,2.4930440410098527,4.185279417026322
24,free,-6.0,1.0,0.05,30.0,0.6822207183822012,735471,48,345,0.00046908715639365793,345,0,1,0,-1.5197265011984058,19.451748465087064,20.97147496628547,0.07812801527462088,0.0,0.0,12.31526267848591,0.5794830344194124,6 7 8 9 10 11 18 22,7 10 11 12 14 15 16 21,0.10128362497198395,1.4688936669845134,0.05490812499192543,0.10869004201958887,1.737710999994306
24,free,0.0,1.0,0.05,30.0,0.6822207183822012,735471,48,735471,1.0,199936,1,0,0,-0.20482616485993366,0.9035179966719962,1.1083441615319298,0.22669848925465463,0.0,,1.092625012523501,-0.17307586196910119,0 1 2 3 4 5 6 7,0 1 10 11 12 13 14 23,0.13073325000004843,1.5965279999945778,0.058406374999322,2.674077750009019,4.473720250010956
24,free,6.0,1.0,0.05,30.0,0.6822207183822012,735471,48,171,0.00023250406882120437,128,0,1,0,-1.4534672847972274,219.0003278847437,220.45379516954094,0.006636826980287225,0.11850411150743545,0.11850411150743545,179.3827943819189,0.22085470147419062,0 2 6 13 14 16 17 20,3 6 10 11 12 13 17 20,0.09126312501030043,1.535159625025699,0.0625812080106698,0.08435416698921472,1.7776428330107592
24,free,-3.0,2.0,0.05,30.0,0.6822207183822012,735471,48,701,0.0009531307148752296,237,0,1,0,-0.47367738933167125,10.926571492060095,11.400248881391766,0.0433509623467776,0.04210794693376929,0.04210794693376929,10.34971014114441,0.05573695717548843,2 9 10 14 15 17 18 21,2 5 8 10 13 16 18 19,0.10646020798594691,1.545880165998824,0.06963300000643358,0.1166056249930989,1.869871292001335
24,free,3.0,2.0,0.05,30.0,0.6822207183822012,735471,48,82,0.00011149317920081146,82,0,1,1,0.32087404298849975,56.55933402842345,56.58282852014913,0.00041539548032631934,0.04231948525244511,0.04231948525244511,42.154124945544694,0.34172715247885255,0 1 4 5 6 11 14 19,1 6 7 8 16 18 19 20,0.09567337500629947,1.3988314169982914,0.05249112501041964,0.07720358402002603,1.6291011669964064
24,free,0.0,4.0,0.05,30.0,0.6822207183822012,735471,48,735471,1.0,199936,1,0,0,-0.48981296804321595,2.2544600573412383,2.7442730253844543,0.21726398143459202,0.0,,2.4993738820237663,-0.0979900712110423,0 1 2 3 4 5 6 7,0 1 10 11 12 13 14 23,0.09630174998892471,1.402898667001864,0.054905833007069305,2.462527958006831,4.028417624998838
32,endpoints,-6.0,1.0,0.03,30.0,0.6777357449363675,593775,64,7,1.1788977306218686e-05,7,0,1,0,-0.8161998403624082,54.20696225428968,55.023162094652086,0.015057103486698642,0.007118185823660417,0.007118185823660417,39.39916792820143,0.37584028051234597,0 10 20 21 22 23 27 31,0 15 20 22 23 24 28 31,1.61450033300207,1.4834872919891495,0.04601929199998267,0.08943570900009945,3.2378837910073344
32,endpoints,0.0,1.0,0.03,30.0,0.6777357449363675,593775,64,593775,1.0,199936,1,0,0,-0.07229557648115348,1.0325011779541304,1.104796754435284,0.07001984891136392,0.0,,1.0923683814872593,-0.054804958242767654,0 1 2 3 4 5 6 31,0 1 14 15 16 17 18 31,1.5966882499924395,1.3099917079962324,0.04180674999952316,2.60676812499878,5.568580457998905
32,endpoints,6.0,1.0,0.03,30.0,0.6777357449363675,593775,64,2,3.368279230348196e-06,2,0,1,1,6.5103512125796215,467.521678457536,467.71108483637596,0.00040512854818808286,0.01449048469323988,0.01449048469323988,432.50730833944135,0.08095671319989473,0 1 7 21 22 24 25 31,0 7 9 13 17 19 24 31,1.4019275410100818,1.4000024580163881,0.044227708014659584,0.07730670800083317,2.9266316659923177
32,endpoints,-3.0,2.0,0.03,30.0,0.6777357449363675,593775,64,18,3.031451307313376e-05,18,0,1,0,-0.42813852917792516,31.359594784426484,31.78773331360441,0.013652552978476118,0.022151918745812793,0.022151918745812793,23.958446750243972,0.308916020781153,0 12 14 18 19 22 25 31,0 3 11 14 19 22 23 31,1.5753637089801487,1.4301013750082348,0.0506368329806719,0.07431216700933874,3.134372542001074
32,endpoints,3.0,2.0,0.03,30.0,0.6777357449363675,593775,64,9,1.515725653656688e-05,9,0,1,1,5.268884697093142,175.59944127370497,175.6839174333389,0.0004810730547955,0.08090484359230832,0.08090484359230832,146.94399584372113,0.19500929769501907,0 2 5 14 15 17 19 31,0 9 15 17 19 25 30 31,1.3970335829944815,1.5468310420110356,0.04246974998386577,0.10382016701623797,3.0953506249934435
32,endpoints,0.0,4.0,0.03,30.0,0.6777357449363675,593775,64,593775,1.0,199936,1,0,0,-0.11316862319817833,2.5754127667989795,2.688581389997158,0.04394193608771979,0.0,,2.586615349770128,-0.004330981400904488,0 1 2 3 4 5 6 31,0 1 14 15 16 17 18 31,1.3785276249982417,1.5453863340080716,0.046895040984964,2.8560453329992015,5.836030333011877
32,endpoints,-6.0,1.0,0.05,30.0,0.6777357449363675,593775,64,185,0.0003115658288072081,185,0,1,0,-1.940349015205804,18.58861544573665,20.528964460942454,0.10438372997010004,0.0,0.0,14.232219762256436,0.30609390216368704,0 4 9 10 18 21 27 31,0 15 20 22 23 24 28 31,1.4079394160071388,1.3648132499947678,0.04315583300194703,0.08350483400863595,2.9209301250230055
32,endpoints,0.0,1.0,0.05,30.0,0.6777357449363675,593775,64,593775,1.0,199936,1,0,0,-0.1968520286513662,0.9041373656688834,1.1009893943202496,0.21772358507242373,0.0,,1.0790473376149552,-0.1620966623509582,0 1 2 3 4 5 6 31,0 1 14 15 16 17 18 31,1.387872541003162,1.540179999981774,0.042016624996904284,1.8844983329763636,4.86631120799575
32,endpoints,6.0,1.0,0.05,30.0,0.6777357449363675,593775,64,5,8.42069807587049e-06,5,0,1,1,5.33576726627922,220.60702818761072,220.74584980636334,0.0006292710612763042,0.02836415041766216,0.02836415041766216,194.73947500160213,0.13283158530542294,0 1 7 21 22 24 25 31,0 7 9 13 17 19 24 31,1.4247836249996908,1.3738372080260888,0.04695920800440945,0.08079008301137947,2.9304442499997094
32,endpoints,-3.0,2.0,0.05,30.0,0.6777357449363675,593775,64,64,0.00010778493537114227,64,0,1,0,-0.3967880016017151,10.883513038916739,11.30810900369275,0.039012767592390585,0.0,0.0,8.327543446009473,0.3069296016860863,0 2 3 9 10 12 25 31,0 3 11 14 19 22 23 31,1.593440708995331,1.4370390420081094,0.04486216697841883,0.11011533299461007,3.208629375003511
32,endpoints,3.0,2.0,0.05,30.0,0.6777357449363675,593775,64,21,3.5366931918656054e-05,21,0,1,1,0.7651385364818921,63.901817310381354,63.938733431473416,0.0005777006452376554,0.09255873355367839,0.09255873355367839,52.068218485518315,0.22727105265094294,0 2 5 14 15 17 19 31,0 9 15 17 19 25 30 31,1.3487437500152737,1.3901297920092475,0.04235358300502412,0.09378495800774544,2.8791052080050576
32,endpoints,0.0,4.0,0.05,30.0,0.6777357449363675,593775,64,593775,1.0,199936,1,0,0,-0.3655459200256015,2.2552350366600185,2.62078095668562,0.1620877265932208,0.0,,2.362987285739915,-0.04560001220918808,0 1 2 3 4 5 6 31,0 1 14 15 16 17 18 31,1.462207208009204,1.5965889579965733,0.049250165990088135,2.8656251249776687,5.984795833006501
32,free,-6.0,1.0,0.03,30.0,0.6777357449363675,10518300,64,30,2.8521719289238756e-06,30,0,1,0,-0.7990248379578802,56.39847101391529,57.19749585187317,0.014167491132175192,0.008667619894536571,0.008667619894536571,34.135265748726894,0.6522054179706722,10 11 12 13 14 15 22 26,11 14 15 16 18 19 20 25,1.7917787499900442,32.201610541000264,0.9642047919915058,0.3250325829721987,35.28978275001282
32,free,0.0,1.0,0.03,30.0,0.6777357449363675,10518300,64,10518300,1.0,199936,1,0,0,-0.0757324563071875,1.0333174459835726,1.10904990229076,0.07329060067799475,0.0,,1.0923683814872593,-0.05405771212755994,0 1 2 3 4 5 6 7,0 1 14 15 16 17 18 31,1.506021957990015,31.479292167001404,1.0455595829989761,2.787098709028214,36.832332457997836
32,free,6.0,1.0,0.03,30.0,0.6777357449363675,10518300,64,83,7.891009003356055e-06,83,0,1,1,0.18270909515820222,476.58216427309105,476.7716656509985,0.00039762582847902017,0.040401313918568604,0.040401313918568604,408.2570781271609,0.1673579952596651,0 1 5 7 12 21 22 24,7 10 14 15 16 17 21 24,1.381936541001778,30.762215582974022,0.8917392920120619,0.3129809579986613,33.35473195798113
32,free,-3.0,2.0,0.03,30.0,0.6777357449363675,10518300,64,954,9.069906733977924e-05,131,0,1,0,-0.10614639852049379,33.19040390204825,33.29655030056875,0.003198105055718825,0.08903899426405282,0.08903899426405282,30.27759865293026,0.09620331131630522,7 9 10 12 17 22 23 29,6 9 12 14 17 20 22 23,1.791086000012001,32.196184208005434,0.9708211249962915,0.33194958299282007,35.30792891600868
32,free,3.0,2.0,0.03,30.0,0.6777357449363675,10518300,64,135,1.283477368015744e-05,128,0,1,0,-0.012149614623808702,175.6717678187151,175.7510890943616,0.00045153115171214786,0.09991535765191228,0.09991535765191228,121.51113971743284,0.44572562011375805,0 2 4 5 17 19 23 24,5 10 11 12 20 22 23 24,1.3322447079990525,30.768532209011028,0.8738870410015807,0.3446756670018658,33.32599304197356
32,free,0.0,4.0,0.03,30.0,0.6777357449363675,10518300,64,10518183,0.9999888765294772,199936,1,0,0,-0.17792677052499917,2.577594845580587,2.755521616105586,0.06902821474447918,0.0,,2.586615349770128,-0.003487377506803613,0 1 2 3 4 5 6 7,0 1 14 15 16 17 18 31,1.3616186250001192,30.863402125018183,0.8850277499877848,2.6011988340178505,35.721504582994385
32,free,-6.0,1.0,0.05,30.0,0.6777357449363675,10518300,64,2322,0.00022075810729870797,2322,0,1,0,-1.534154539749892,19.451748465087064,20.985903004836956,0.07886975006403496,0.0,0.0,12.31526267848591,0.5794830344194124,10 11 12 13 14 15 22 26,11 14 15 16 18 19 20 25,1.791841458005365,32.175778042001184,0.9625013330078218,0.37924079099320807,35.31509412499145
32,free,0.0,1.0,0.05,30.0,0.6777357449363675,10518300,64,10518300,1.0,199936,1,0,0,-0.20215003156743394,0.9061941299644959,1.1083441615319298,0.22307585635690885,0.0,,1.0790473376149552,-0.16019056961163636,0 1 2 3 4 5 6 7,0 1 14 15 16 17 18 31,1.508994291012641,31.51878591699642,1.0191453750012442,2.797973374981666,36.85774491599295
32,free,6.0,1.0,0.05,30.0,0.6777357449363675,10518300,64,110,1.0457963739387544e-05,110,0,1,1,0.5228184360285297,226.02105834165351,226.15513512305012,0.0005932048207382135,0.05360176213583001,0.05360176213583001,179.3827943819189,0.25999296153475226,0 1 2 3 4 6 18 25,7 10 14 15 16 17 21 24,1.3300447500078008,30.834678667015396,0.9193679580057506,0.3378724580106791,33.42717162499321
32,free,-3.0,2.0,0.05,30.0,0.6777357449363675,10518300,64,263,2.500404057689931e-05,223,0,1,0,-0.39974762901320204,11.355102214084544,11.754849843097746,0.03520422991149896,0.005069134850484769,0.005069134850484769,10.34971014114441,0.0971420512486898,0 2 7 9 10 12 17 23,6 9 12 14 17 20 22 23,1.5350662920100149,31.47430433399859,1.0385929580079392,0.4277731250040233,34.514328000019304
32,free,3.0,2.0,0.05,30.0,0.6777357449363675,10518300,64,238,2.2627230636129412e-05,128,0,1,1,0.21040884204384014,64.14914227351726,64.18431425651475,0.0005482845405404557,0.10583481304020581,0.10583481304020581,42.154124945544694,0.5217761572891393,0 2 4 5 17 19 23 24,5 10 11 12 20 22 23 24,1.3917798330076039,30.690914333012188,0.8902055000071414,0.3359713749960065,33.31714825000381
32,free,0.0,4.0,0.05,30.0,0.6777357449363675,10518300,64,10518300,1.0,199936,1,0,0,-0.4837799466768735,2.2604930787075808,2.7442730253844543,0.21401523023174707,0.0,,2.362987285739915,-0.04337484490537169,0 1 2 3 4 5 6 7,0 1 14 15 16 17 18 31,1.3518897920148447,30.835701500007417,0.878764459019294,2.5920707909972407,35.66923370800214
