sigma2,eps_over_lambda,xP,yP,kappa,L_rob,U_nom,cert_gain,S_nom,S_rob
0.0001,0.01,-6.0,1.0,4.6519838674210146,416.13712799441805,492.4282078147996,-0.15492832987559946,1 2 4 5 11 19 20 21,0 1 2 4 6 7 18 21
0.0001,0.01,-4.8,1.0,6.198177648415906,309.82983642280675,250.13877373327782,0.2386317874620163,2 3 6 7 13 17 18 21,5 7 8 9 13 16 19 20
0.0001,0.01,-3.6,1.0,8.269453807254264,200.6805314985596,190.7518100472511,0.05205047044559663,2 6 7 11 12 13 16 22,2 3 5 6 12 13 20 23
0.0001,0.01,-2.4000000000000004,1.0,10.499638167995496,159.15080823189254,159.0467609821986,0.0006541928238674721,1 4 9 10 11 12 14 15,4 6 7 12 14 15 18 22
0.0001,0.01,-1.2000000000000002,1.0,11.137541350493668,179.7327752538148,192.3864809831388,-0.06577232279867418,6 7 13 16 20 21 22 23,0 1 2 3 4 13 14 15
0.0001,0.01,0.0,1.0,8.143848545745556,1.0973176856173052,1.1079457814246207,-0.009592613632816605,0 1 10 11 12 13 14 23,0 1 2 3 4 5 6 7
0.0001,0.01,1.1999999999999993,1.0,4.117135306979615,434.2297262436025,421.7313649731426,0.029635835293530643,3 5 14 16 17 19 20 22,2 3 4 5 13 15 16 18
0.0001,0.01,2.4000000000000004,1.0,1.7500303782959066,659.3184442240984,1061.5776373240133,-0.37892583543292735,2 8 10 11 14 15 18 19,1 2 6 7 9 12 20 22
0.0001,0.01,3.5999999999999996,1.0,0.8175983851151899,1278.0912175411115,1533.8546372210026,-0.1667455399445651,0 3 13 14 15 16 18 21,0 3 5 6 7 8 18 19
0.0001,0.01,4.799999999999999,1.0,0.4335972355866703,2637.1781066636136,2405.225424704265,0.09643698240378784,0 1 6 7 11 14 17 20,0 2 4 8 10 11 12 20
0.0001,0.01,6.0,1.0,0.26546949487458543,3657.022140451905,3484.0218154790437,0.04965535066521243,0 6 9 15 16 17 20 21,0 3 4 9 15 19 20 21
0.0001,0.01,-6.0,2.0,4.248008323330172,427.56605035066855,431.3325784237728,-0.008732306024433312,0 5 6 12 15 19 21 23,1 3 5 11 12 13 17 19
0.0001,0.01,-4.8,2.0,5.473954889345072,367.3003031700175,280.52171047603457,0.3093471537255459,6 7 10 16 17 18 19 22,1 3 5 6 13 14 18 20
0.0001,0.01,-3.6,2.0,7.0436946397511315,176.46077207283875,154.79636323428215,0.1399542494791548,1 4 6 7 9 12 13 14,0 2 5 13 20 21 22 23
0.0001,0.01,-2.4000000000000004,2.0,8.350169730169211,233.74647546041032,272.3499560821696,-0.14174219514143194,4 10 11 15 16 20 21 22,0 1 3 9 11 12 18 20
0.0001,0.01,-1.2000000000000002,2.0,8.428229542760375,209.0576093680422,271.55269592439447,-0.2301398126194708,0 3 9 10 15 20 21 22,0 1 2 3 4 8 10 11
0.0001,0.01,0.0,2.0,6.268597358797376,1.4263209319391552,1.4345749762843436,-0.00575365141706774,0 1 10 11 12 13 14 23,1 2 3 4 5 6 7 8
0.0001,0.01,1.1999999999999993,2.0,3.4615003028556273,443.2680077901153,459.0514905163836,-0.0343828155497623,1 5 8 11 16 17 19 22,2 3 4 9 10 14 20 21
0.0001,0.01,2.4000000000000004,2.0,1.6389967273689148,1064.2939735895075,639.3676852300016,0.664603948832112,0 1 4 10 13 14 18 22,1 2 3 4 5 9 10 16
0.0001,0.01,3.5999999999999996,2.0,0.8148824215314405,1203.155821508251,1225.017657982407,-0.01784613987537309,4 5 7 10 12 15 17 18,1 2 4 5 13 14 16 17
0.0001,0.01,4.799999999999999,2.0,0.4504095506430279,1986.33118956065,2402.4864495960855,-0.1732185669997851,1 3 4 10 18 20 22 23,0 3 4 8 9 10 20 21
0.0001,0.01,6.0,2.0,0.2737361232868662,3352.6672228011007,3664.009716067545,-0.08497316257135845,3 5 9 12 13 16 17 21,0 1 3 4 11 19 20 22
0.0001,0.01,-6.0,4.0,3.1580974888742084,530.4410714006216,580.7130263480227,-0.08656935984982195,5 7 8 12 13 14 15 17,3 5 7 8 12 13 15 19
0.0001,0.01,-4.8,4.0,3.7507939796540906,427.20232187863456,317.5441072146381,0.34533222998805346,1 3 4 6 11 12 14 15,2 4 13 17 18 19 20 22
0.0001,0.01,-3.6,4.0,4.251229254771447,431.93165293127527,356.7312076422637,0.2108042236787533,6 7 11 17 20 21 22 23,1 6 7 9 15 16 20 22
0.0001,0.01,-2.4000000000000004,4.0,4.500610952701391,382.5146207856786,410.66242476049115,-0.0685424384547213,5 6 7 11 13 21 22 23,0 7 8 11 12 14 19 23
0.0001,0.01,-1.2000000000000002,4.0,4.166873304255506,456.3671934595313,440.39053592682365,0.03627838527248084,0 2 6 9 10 12 14 16,0 3 10 13 14 17 18 21
0.0001,0.01,0.0,4.0,3.263873430500553,2.7485212278590234,2.7619947390147357,-0.004878181325037034,0 1 10 11 12 13 14 23,0 1 10 11 12 13 14 23
0.0001,0.01,1.1999999999999993,4.0,2.1642989068998078,740.3020207896753,723.0973182988934,0.023793066376261107,0 1 5 9 11 14 21 23,2 5 11 13 16 18 20 21
0.0001,0.01,2.4000000000000004,4.0,1.2995810901392066,1207.0146811488426,1243.6573614339968,-0.029463646034228796,3 4 5 11 13 14 19 22,3 4 5 6 8 12 14 23
0.0001,0.01,3.5999999999999996,4.0,0.7619893225008914,1818.14288554801,2012.9314248163905,-0.09676859174979002,0 2 3 14 16 19 20 23,0 3 4 6 11 15 17 19
0.0001,0.01,4.799999999999999,4.0,0.4591888215870825,2037.8911381689827,2520.9558745932372,-0.1916196714479178,4 5 7 8 16 17 19 20,2 5 7 10 16 17 20 23
0.0001,0.01,6.0,4.0,0.29238643032325445,3531.013518688052,3302.910702882848,0.06906115130697033,2 5 7 12 13 18 19 23,0 4 5 12 13 16 22 23
0.0001,0.03,-6.0,1.0,41.90260014441694,53.22323685546045,46.69718978300077,0.1397524583981573,0 1 6 8 10 15 19 20,5 6 7 14 17 20 21 23
0.0001,0.03,-4.8,1.0,55.90767040091358,42.30797207833992,27.31632937852524,0.548816149200499,2 3 4 10 13 14 15 16,1 5 7 8 9 17 20 23
0.0001,0.03,-3.6,1.0,74.60275190663315,27.11849048643508,26.604744483486925,0.01931031524347193,0 3 5 8 10 15 16 21,0 1 2 6 7 9 10 22
0.0001,0.03,-2.4000000000000004,1.0,94.30542957505051,23.15801918124088,23.40938813454716,-0.010737954869282307,0 1 3 6 14 21 22 23,0 1 6 14 16 17 18 22
0.0001,0.03,-1.2000000000000002,1.0,99.89120878464597,20.955515476217798,20.14396271412951,0.040287642188646444,1 2 4 7 14 16 17 19,2 3 4 9 10 11 12 13
0.0001,0.03,0.0,1.0,73.29463691170999,1.0288339377167541,1.1011735841906831,-0.06569322721911786,0 1 10 11 12 13 14 23,0 1 2 3 4 5 6 7
0.0001,0.03,1.1999999999999993,1.0,36.07341654452718,54.627937300837125,44.830697655525036,0.21853863887181002,1 3 5 8 10 11 15 21,1 3 8 10 14 16 19 21
0.0001,0.03,2.4000000000000004,1.0,15.584035560706205,110.09193726515231,104.87432586731096,0.04975108402072381,2 3 4 6 9 15 19 22,1 2 11 13 17 19 21 22
0.0001,0.03,3.5999999999999996,1.0,7.315940798877524,211.10403316097467,236.71959349564744,-0.10821056236370974,1 2 3 11 14 16 19 23,1 2 4 7 9 12 16 17
0.0001,0.03,4.799999999999999,1.0,3.9292464527912725,450.28943848931635,416.5243465678816,0.08106390946809161,3 5 6 12 13 14 18 21,2 3 4 6 10 12 13 14
0.0001,0.03,6.0,1.0,2.3934300592577973,693.8710466970514,743.6871205954807,-0.06698525834162739,1 3 14 15 17 18 20 21,2 3 4 13 14 16 17 23
0.0001,0.03,-6.0,2.0,38.17061876575286,61.157083643781476,47.46004669745113,0.2886014216051318,1 7 9 13 18 19 20 22,2 3 4 8 15 16 17 21
0.0001,0.03,-4.8,2.0,49.52700112629863,44.05485083342127,39.379100672634706,0.11873684469477563,4 8 10 11 12 13 14 16,4 5 8 11 14 15 18 21
0.0001,0.03,-3.6,2.0,63.19716550978824,24.076258575696954,18.259759920922686,0.31854190197262766,2 4 7 10 11 15 17 18,1 5 6 8 17 20 22 23
0.0001,0.03,-2.4000000000000004,2.0,75.22998859912336,28.509128244620857,23.199336728385667,0.228876867403643,1 5 11 14 15 17 21 23,2 3 9 10 11 13 14 20
0.0001,0.03,-1.2000000000000002,2.0,75.92644603390613,27.508329147610016,27.781908091043626,-0.00984737774443234,2 8 9 12 15 19 21 23,0 1 6 7 10 13 17 21
0.0001,0.03,0.0,2.0,56.41737622917636,1.3373008590159274,1.4062251608524128,-0.0490137026098334,0 1 10 11 12 13 14 23,0 1 2 3 4 5 6 7
0.0001,0.03,1.1999999999999993,2.0,30.845700661993394,63.971056819526346,49.19650882891101,0.3003170009887546,3 4 6 10 12 14 15 17,1 4 6 7 9 10 12 17
0.0001,0.03,2.4000000000000004,2.0,14.647633425908936,136.37826373561103,79.7315205340786,0.7104686179579462,1 2 5 6 9 10 18 19,2 3 4 5 10 14 16 22
0.0001,0.03,3.5999999999999996,2.0,7.215376564192963,160.38468257468728,154.99221415491016,0.03479186647651544,0 1 5 6 9 10 12 13,0 3 5 6 7 12 18 23
0.0001,0.03,4.799999999999999,2.0,4.056932706391431,429.17923894596834,446.9267243377819,-0.03971005631428792,0 2 8 14 17 19 20 23,0 2 5 12 15 17 18 19
0.0001,0.03,6.0,2.0,2.456063074119032,673.5782450460947,797.2680333321371,-0.15514203895656997,0 4 8 9 10 12 21 23,2 4 6 7 8 10 11 15
0.0001,0.03,-6.0,4.0,28.38107200466446,79.48268120287571,74.60126540665973,0.06543341818140536,2 4 9 10 12 20 22 23,1 6 8 9 11 15 16 22
0.0001,0.03,-4.8,4.0,33.530645411820046,53.12350189624723,56.498455245410916,-0.05973532080663069,6 7 12 13 19 20 22 23,0 3 5 10 12 15 19 20
0.0001,0.03,-3.6,4.0,38.4712287913273,60.2706818279564,54.8988720366664,0.09784918327105574,1 3 4 6 7 9 12 15,2 6 14 15 16 17 18 20
0.0001,0.03,-2.4000000000000004,4.0,40.507849699401376,53.885201199221825,43.980042757549796,0.22521939090138043,1 8 9 11 12 13 16 17,0 1 2 11 13 17 19 22
0.0001,0.03,-1.2000000000000002,4.0,37.63323891884282,57.90734072728785,51.27484038113186,0.12935194525923133,1 3 6 8 17 19 22 23,1 3 5 8 13 18 22 23
0.0001,0.03,0.0,4.0,29.374860874504968,2.5709382509685237,2.6345941930273655,-0.024161573811751214,0 1 10 11 12 13 14 23,0 1 2 3 4 5 6 7
0.0001,0.03,1.1999999999999993,4.0,19.478720440282963,108.32057034851735,93.45945685295679,0.15901134027498243,0 2 4 9 11 18 19 21,1 2 6 9 11 13 17 22
0.0001,0.03,2.4000000000000004,4.0,11.706650500234327,146.03496703781602,152.8591069052433,-0.04464333205647686,0 1 6 11 12 19 21 23,1 2 4 6 7 15 19 20
0.0001,0.03,3.5999999999999996,4.0,6.814926845083287,257.4513009249864,194.34338951289334,0.3247237354986354,1 6 7 10 12 13 16 17,7 8 10 11 13 17 19 21
0.0001,0.03,4.799999999999999,4.0,4.1018950312555855,383.20388491742744,374.9237934441119,0.02208473193246352,0 3 7 10 11 12 14 19,2 3 11 12 15 16 20 23
0.0001,0.03,6.0,4.0,2.6307685648160275,644.1928330248155,533.4591594772086,0.20757666558040966,0 1 7 9 18 19 21 23,4 7 11 12 13 14 16 19
0.0001,0.05,-6.0,1.0,115.45759159415279,18.40916833769316,16.5239956191941,0.11408697762599651,4 10 12 14 16 18 19 23,2 3 15 17 19 21 22 23
0.0001,0.05,-4.8,1.0,154.03693324419993,13.651604015009202,11.34490344574016,0.20332483042287786,6 7 8 14 17 18 21 22,0 2 4 6 8 16 19 22
0.0001,0.05,-3.6,1.0,205.0628301513884,10.761873703033835,5.287147773433017,1.0354781375906206,1 14 15 16 17 19 22 23,3 4 6 7 11 12 19 20
0.0001,0.05,-2.4000000000000004,1.0,262.1565951997612,7.941088039977307,5.805207258352412,0.3679249829628106,1 4 5 9 10 17 18 21,0 2 4 12 15 17 18 20
0.0001,0.05,-1.2000000000000002,1.0,277.5100822395968,7.152996950490178,6.32001716813115,0.1318002404422809,1 6 7 8 10 12 17 19,0 1 5 7 8 10 14 15
0.0001,0.05,0.0,1.0,203.59621364363886,0.9004806207981148,1.0939157627316942,-0.17682818780354614,0 1 10 11 12 13 14 23,0 1 2 3 4 5 6 7
0.0001,0.05,1.1999999999999993,1.0,104.48386260304518,17.813574595531872,17.403968069447142,0.023535237737180026,11 13 14 16 20 21 22 23,2 4 5 7 11 13 16 18
0.0001,0.05,2.4000000000000004,1.0,43.45401457962647,39.93111268928647,40.85058666470864,-0.022508219599610246,3 4 5 7 11 13 21 22,2 3 4 6 10 12 20 21
0.0001,0.05,3.5999999999999996,1.0,20.209529230412965,85.31909411308565,84.16605351915885,0.01369959200551496,2 4 5 6 11 13 18 20,2 3 4 5 11 14 16 19
0.0001,0.05,4.799999999999999,1.0,11.046823532764689,146.75223354133152,147.00520520570058,-0.0017208347419744863,8 9 11 13 17 19 21 22,2 4 5 12 13 15 20 21
0.0001,0.05,6.0,1.0,6.592961637513891,254.47018589261904,172.00662588400698,0.47942083384753764,0 2 6 9 11 15 19 23,5 6 7 8 12 13 17 19
0.0001,0.05,-6.0,2.0,107.52138399529771,20.302993542271313,18.810799219959883,0.07932647118619407,0 1 2 3 6 7 9 10,4 6 13 17 19 20 22 23
0.0001,0.05,-4.8,2.0,137.8921090134397,15.419027017656221,15.03418369968191,0.025597885835494605,0 1 4 5 10 17 18 22,4 6 7 8 10 12 16 22
0.0001,0.05,-3.6,2.0,175.24837024701887,7.770325014648702,7.666091042899182,0.013596756308558167,0 6 7 9 12 17 21 22,7 8 9 14 16 19 21 22
0.0001,0.05,-2.4000000000000004,2.0,209.0820181612737,10.78266796942702,9.421925752297806,0.14442293994912436,3 4 6 12 13 18 22 23,15 16 17 18 19 20 21 22
0.0001,0.05,-1.2000000000000002,2.0,210.05902208189764,9.626637533368946,7.079944627971771,0.35970520098922587,1 2 4 8 9 11 15 17,0 3 9 15 17 19 20 21
0.0001,0.05,0.0,2.0,156.71493396993435,1.1704651421518246,1.3764781523966478,-0.14966674907707378,0 1 10 11 12 13 14 23,0 1 2 3 4 5 6 7
0.0001,0.05,1.1999999999999993,2.0,84.70261877252537,20.514397043843125,18.224536418315637,0.1256471261033658,0 1 2 4 7 9 17 20,0 8 10 12 15 18 20 21
0.0001,0.05,2.4000000000000004,2.0,40.808712563155744,45.360320476688926,36.73503769843351,0.23479716691901542,0 3 5 6 9 12 17 23,1 2 3 8 12 13 14 20
0.0001,0.05,3.5999999999999996,2.0,20.48166221256433,53.2427118222482,57.19562663084261,-0.06911218639333538,0 3 5 10 18 19 20 23,0 1 5 6 9 12 18 23
0.0001,0.05,4.799999999999999,2.0,11.38764216494871,121.82545956569938,111.35862074634427,0.09399217365664714,1 12 13 18 19 20 22 23,1 5 7 8 13 15 20 23
0.0001,0.05,6.0,2.0,6.882363082235089,181.85350533307584,268.60544463632544,-0.3229716338055104,0 4 10 14 18 21 22 23,1 3 4 6 7 8 12 22
0.0001,0.05,-6.0,4.0,79.08618630554963,27.1268801271665,22.877495455940053,0.18574518698562836,2 4 5 9 10 12 18 19,1 3 8 9 11 15 22 23
0.0001,0.05,-4.8,4.0,93.43429444693864,22.63337104686538,19.48693873995301,0.1614636525983124,1 2 4 9 17 18 22 23,1 5 12 16 17 20 21 23
0.0001,0.05,-3.6,4.0,106.8645244203536,20.190695346139027,18.996883439633663,0.06284251363119298,1 3 4 6 7 9 12 15,3 7 11 12 13 16 19 20
0.0001,0.05,-2.4000000000000004,4.0,112.51288486225212,18.9505893389338,15.996858829392446,0.18464440682030658,0 2 10 11 14 18 19 23,1 3 4 8 10 12 15 16
0.0001,0.05,-1.2000000000000002,4.0,104.54668249169386,19.66686476064979,16.404045579827034,0.19890332326528193,1 6 8 13 15 16 17 23,1 3 5 8 13 18 22 23
0.0001,0.05,0.0,4.0,81.59683576251382,2.2502016643857305,2.506138190849471,-0.10212386826801001,0 1 10 11 12 13 14 23,0 1 2 3 4 5 6 7
0.0001,0.05,1.1999999999999993,4.0,54.5273198797163,32.61103989666895,32.32656417104284,0.008800060659738485,0 6 8 11 14 21 22 23,6 9 10 13 14 15 18 23
0.0001,0.05,2.4000000000000004,4.0,32.50474661995079,54.52338339609634,47.96037837810278,0.13684222768747012,0 3 5 7 16 18 21 22,2 3 4 6 14 15 18 23
0.0001,0.05,3.5999999999999996,4.0,19.056167809107116,104.25296764740457,84.25274985458752,0.23738356109842806,2 5 6 11 14 17 20 23,0 3 5 6 7 9 14 23
0.0001,0.05,4.799999999999999,4.0,11.506178384267818,144.38741104342301,101.19415922492588,0.42683542359881455,0 1 12 13 15 18 20 23,2 5 7 8 11 14 18 23
0.0001,0.05,6.0,4.0,7.285503233327312,230.0585560235386,240.59979145613454,-0.04381232156852377,3 4 8 10 11 15 16 22,0 3 8 9 11 12 16 19
0.0001,0.08,-6.0,1.0,299.57455095880215,5.931447915395029,5.581658800180246,0.0626675917925128,0 2 3 7 9 10 11 12,5 8 9 11 15 19 20 22
0.0001,0.08,-4.8,1.0,397.2192768427158,4.390356180206636,3.369549136407348,0.30295063300002334,2 4 5 8 9 15 16 22,3 5 11 12 18 21 22 23
0.0001,0.08,-3.6,1.0,533.263920845856,3.2323604777031383,2.60947851651263,0.2386997851290773,0 1 2 3 5 6 14 23,1 2 5 6 8 9 15 22
0.0001,0.08,-2.4000000000000004,1.0,669.6447936465044,2.523108663117603,2.2673501635201196,0.11280061796913277,1 5 9 11 15 19 20 21,1 5 9 10 13 19 21 23
0.0001,0.08,-1.2000000000000002,1.0,711.2448370841087,2.2130500633999546,1.9777450187533703,0.11897643144863235,4 5 6 12 14 15 19 21,6 9 12 15 19 20 21 22
0.0001,0.08,0.0,1.0,521.2063069277156,0.6325857551279536,1.081046092617392,-0.41483923817128043,0 1 10 11 12 13 14 23,0 1 2 3 4 5 6 7
0.0001,0.08,1.1999999999999993,1.0,260.2013622764431,5.355397055594805,5.382801137448473,-0.005091044821072033,1 2 7 8 16 19 21 22,0 1 2 3 7 9 10 12
0.0001,0.08,2.4000000000000004,1.0,111.81327550765889,11.972273731232114,8.36662203406137,0.4309566850864983,0 1 12 13 14 15 18 21,2 4 8 11 12 19 20 22
0.0001,0.08,3.5999999999999996,1.0,52.26755543267955,25.389672047483316,22.10765441061862,0.1484561670770599,3 6 8 11 13 14 21 22,0 3 7 10 14 15 18 19
0.0001,0.08,4.799999999999999,1.0,28.33162015836691,47.51337016657091,42.18884116382786,0.12620704565140395,0 13 14 15 18 19 22 23,2 3 4 6 10 12 13 14
0.0001,0.08,6.0,1.0,16.747985326264825,80.00738271212538,59.19102707444439,0.3516809331843542,0 1 2 4 10 11 13 22,0 1 2 4 8 15 16 22
0.0001,0.08,-6.0,2.0,272.0281028576724,6.5590207206686335,6.563191169106627,-0.0006354299807118657,1 3 7 13 15 17 19 23,12 13 15 16 18 19 21 22
0.0001,0.08,-4.8,2.0,348.1907929337179,4.90453387697202,4.042153245112207,0.21334684252820169,12 13 17 18 20 21 22 23,1 5 8 11 13 16 18 23
0.0001,0.08,-3.6,2.0,451.2657997222901,2.847198679831849,2.1053923464678705,0.35233638737619444,1 2 4 5 10 11 13 14,7 9 12 16 18 21 22 23
0.0001,0.08,-2.4000000000000004,2.0,535.1268115607802,3.1988977184969403,3.0361638853567596,0.05359850103119812,3 7 9 11 16 17 18 23,6 15 16 17 18 20 21 22
0.0001,0.08,-1.2000000000000002,2.0,538.0394966158105,2.935079197410144,2.9440035606440556,-0.003031369714770138,1 4 5 6 8 11 16 22,4 8 9 10 16 19 20 21
0.0001,0.08,0.0,2.0,401.19023096303204,0.8222500858425492,1.3252576026166254,-0.37955452266859224,0 1 10 11 12 13 14 23,0 1 2 3 4 5 6 7
0.0001,0.08,1.1999999999999993,2.0,217.9192616607226,6.141823880031118,4.883513595835665,0.2576649495290555,0 1 2 8 9 13 16 20,1 3 7 13 15 16 18 23
0.0001,0.08,2.4000000000000004,2.0,105.67979741983106,13.721184867276028,9.42150798372283,0.4563682258701667,0 4 8 10 14 17 19 23,0 1 2 3 4 5 6 7
0.0001,0.08,3.5999999999999996,2.0,52.68879881484311,15.695611081395688,14.048751952293212,0.11722458583473339,3 4 12 15 17 18 19 20,0 2 3 5 9 18 20 21
0.0001,0.08,4.799999999999999,2.0,28.701043566619916,41.6641154450104,31.705380742670496,0.3141023532619813,2 4 6 11 12 14 19 23,1 3 6 9 11 13 16 19
0.0001,0.08,6.0,2.0,17.435234334977423,70.00227125806718,58.76210198800576,0.19128262757441372,2 3 4 5 10 14 21 23,0 4 7 8 9 10 13 16
0.0001,0.08,-6.0,4.0,202.23375506089047,8.487300242139304,8.040732885708797,0.05553814096028642,2 6 7 11 12 14 16 19,1 8 9 11 15 16 22 23
0.0001,0.08,-4.8,4.0,239.36194945782316,7.150985023689173,6.801174135872176,0.0514338966814496,0 2 7 11 13 16 20 21,3 4 13 14 18 19 21 22
0.0001,0.08,-3.6,4.0,273.6096117410725,6.255076247143228,4.7360173802274215,0.320746049889467,0 1 2 5 6 7 11 23,2 3 5 6 9 11 17 23
0.0001,0.08,-2.4000000000000004,4.0,288.04728302787163,5.652866396634235,5.037085610119994,0.12224941844885029,4 5 6 11 13 18 19 20,2 4 5 9 11 13 17 23
0.0001,0.08,-1.2000000000000002,4.0,267.99174420504835,5.464801068631215,5.0544352935722525,0.08118924295674068,0 2 11 12 20 21 22 23,1 3 5 7 9 18 21 23
0.0001,0.08,0.0,4.0,208.88789955203538,1.5807658105409252,2.296593198899843,-0.3116909815381439,0 1 10 11 12 13 14 23,0 1 2 3 4 5 6 7
0.0001,0.08,1.1999999999999993,4.0,140.76785550071168,10.082021922087112,8.586331432828336,0.17419435773702663,10 12 13 14 15 19 22 23,1 3 4 5 6 9 12 14
0.0001,0.08,2.4000000000000004,4.0,83.21215134707403,15.211938569246476,13.876484333648015,0.09623865840140944,0 3 5 7 16 18 21 22,0 3 4 5 6 12 14 15
0.0001,0.08,3.5999999999999996,4.0,48.582051395409174,27.666604011475773,28.36391033593933,-0.024584280383231016,2 6 7 10 11 14 18 20,4 7 8 9 11 13 15 22
0.0001,0.08,4.799999999999999,4.0,29.211037713046473,43.21250997636047,26.725711118256925,0.6168890618158724,5 6 8 9 10 11 15 16,1 2 6 7 15 16 17 18
0.0001,0.08,6.0,4.0,18.719439711097266,67.63251124004968,40.99508638734219,0.6497711604025835,2 3 7 8 18 19 21 22,1 3 6 9 11 12 15 21
0.001,0.01,-6.0,1.0,0.4655972783880395,261.2874580114806,297.6429319040339,-0.1221445900293544,0 1 2 8 14 15 19 20,1 5 6 8 15 18 19 22
0.001,0.01,-4.8,1.0,0.6235082562752124,233.81261394974908,188.77792242243476,0.23855910134734226,0 1 2 6 7 8 18 19,7 9 10 11 17 20 22 23
0.001,0.01,-3.6,1.0,0.8284042724158583,186.6726838893489,126.97497862966512,0.4701533003112206,0 1 2 12 13 15 18 20,0 1 2 4 5 9 10 18
0.001,0.01,-2.4000000000000004,1.0,1.0496362530323984,165.83000890118407,167.7130935221488,-0.011228011966257334,0 1 5 11 12 15 16 18,0 3 7 9 10 18 20 23
0.001,0.01,-1.2000000000000002,1.0,1.11132005794392,148.32353983687597,142.0358848669701,0.044268073351990234,4 5 6 12 14 15 19 21,6 15 16 17 20 21 22 23
0.001,0.01,0.0,1.0,0.8143848545745556,1.0960895666452377,1.1066944060065924,-0.009582445979483434,0 1 10 11 12 13 14 23,0 1 2 3 4 5 6 7
0.001,0.01,1.1999999999999993,1.0,0.4070257121319656,300.84469417902193,265.441509943989,0.13337470933805107,0 6 10 12 15 17 18 20,2 3 4 5 13 15 16 18
0.001,0.01,2.4000000000000004,1.0,0.17415276392705364,457.89264866194196,426.6844685529722,0.07314112045092003,1 3 7 8 14 16 17 23,3 7 8 11 16 17 18 19
0.001,0.01,3.5999999999999996,1.0,0.08105890522053662,559.0044580590695,672.4168157221625,-0.1686637737357748,0 3 8 9 11 14 18 21,0 3 11 12 15 16 18 21
0.001,0.01,4.799999999999999,1.0,0.04360828172783524,708.9847920495866,702.4762715752611,0.0092651107769528,0 1 4 10 16 17 20 21,0 1 2 4 12 17 18 20
0.001,0.01,6.0,1.0,0.026325995775191038,744.6908464573784,771.0183635730998,-0.03414642031833437,1 3 4 6 8 15 20 23,2 11 13 14 16 20 22 23
0.001,0.01,-6.0,2.0,0.4251833906175309,317.29102901178817,279.5785330282414,0.13489052816418234,4 8 9 10 11 13 19 22,4 6 8 17 19 20 22 23
0.001,0.01,-4.8,2.0,0.5503554139230956,262.5641682858899,284.76596129057697,-0.07796505208721993,1 5 7 8 9 13 22 23,0 6 7 10 11 17 22 23
0.001,0.01,-3.6,2.0,0.7009689876753163,175.49213777182794,136.92330473626882,0.28168201979821816,5 6 11 12 13 14 16 17,4 8 9 11 19 20 22 23
0.001,0.01,-2.4000000000000004,2.0,0.8368444366424814,203.01593465725293,184.78972304771696,0.0986321712535363,1 2 7 12 13 16 21 22,2 7 8 9 14 18 19 21
0.001,0.01,-1.2000000000000002,2.0,0.84082531344491,185.68847150745714,195.3300206177122,-0.049360303550701534,0 1 6 7 10 13 17 21,1 2 8 13 16 19 21 23
0.001,0.01,0.0,2.0,0.6268597358797375,1.4242468160358877,1.432477715086149,-0.005745917694619296,0 1 10 11 12 13 14 23,1 2 3 4 5 6 7 8
0.001,0.01,1.1999999999999993,2.0,0.3393581614557968,326.0118977740052,345.99961545451004,-0.0577680343784448,0 3 4 6 7 10 13 20,0 2 4 8 15 20 21 23
0.001,0.01,2.4000000000000004,2.0,0.16618198518482594,504.5862943272422,474.2190877896908,0.06403623835365058,1 2 8 14 18 20 21 22,0 2 3 4 8 14 15 22
0.001,0.01,3.5999999999999996,2.0,0.08017363553959088,500.26455872611575,539.668947632605,-0.07301585366241026,0 1 5 6 7 8 14 15,3 4 8 9 14 17 19 22
0.001,0.01,4.799999999999999,2.0,0.045090599551492284,713.1795330379285,724.2466420667756,-0.015280856528744113,2 7 10 12 14 17 20 22,0 2 7 8 10 19 22 23
0.001,0.01,6.0,2.0,0.02723376844362612,776.697100849086,773.8165807214958,0.0037224843707852617,0 1 3 7 12 14 21 23,1 5 8 9 15 16 19 22
0.001,0.01,-6.0,4.0,0.3160881533957842,351.33547551546906,352.0226821994861,-0.0019521659221595211,0 2 6 10 12 15 18 22,0 1 4 6 7 14 19 22
0.001,0.01,-4.8,4.0,0.3728324547889023,309.9282254264845,352.3171072840032,-0.12031457167746606,1 10 12 13 18 19 21 22,1 4 12 13 19 20 22 23
0.001,0.01,-3.6,4.0,0.4264910937947935,327.2701570092841,292.9321501092218,0.11722170778202101,3 5 6 7 9 13 21 22,2 6 10 12 14 18 20 21
0.001,0.01,-2.4000000000000004,4.0,0.4500606970648372,299.8347674081675,335.18037627658913,-0.10545250071339074,1 3 4 6 10 12 15 18,3 7 8 12 16 17 21 22
0.001,0.01,-1.2000000000000002,4.0,0.4185513086784002,327.01901743803444,326.08497934282354,0.0028644008598412984,6 7 9 11 13 17 21 22,1 2 3 11 13 18 22 23
0.001,0.01,0.0,4.0,0.3263873430500553,2.7408290119970773,2.7542311126994052,-0.004866004396120838,0 1 10 11 12 13 14 23,0 1 10 11 12 13 14 23
0.001,0.01,1.1999999999999993,4.0,0.21483113685118632,412.0248426086951,432.80406954267306,-0.048010701368715325,0 2 3 5 10 11 14 19,0 6 8 11 13 15 16 22
0.001,0.01,2.4000000000000004,4.0,0.13001605145448775,552.073151315454,530.9702028198725,0.03974412948882655,1 2 6 10 15 17 18 23,6 7 12 17 18 21 22 23
0.001,0.01,3.5999999999999996,4.0,0.07653354770406472,615.0486592194329,627.653216802207,-0.02008204091901622,5 6 9 12 16 17 20 23,2 3 11 13 15 17 19 21
0.001,0.01,4.799999999999999,4.0,0.045406838033623484,660.5520466944308,674.8880546709457,-0.02124205322244843,2 3 4 5 7 10 16 19,1 3 4 7 8 16 21 23
0.001,0.01,6.0,4.0,0.028847440212353647,727.3638938329074,740.5236670930361,-0.017770901653674565,0 1 2 4 5 8 16 22,3 6 7 8 10 11 17 20
0.001,0.03,-6.0,1.0,4.1559330606550615,51.070168153746195,51.978205243696685,-0.017469573751021428,2 3 15 16 17 19 22 23,7 8 14 15 16 18 19 22
0.001,0.03,-4.8,1.0,5.562758163842834,38.36720876397748,38.9164915474773,-0.014114396279266472,5 8 9 11 12 15 18 21,0 1 4 7 8 16 19 22
0.001,0.03,-3.6,1.0,7.425240803115347,28.947667476584446,20.29329808693791,0.4264644097066239,2 3 9 10 16 18 19 23,1 2 5 6 8 11 13 22
0.001,0.03,-2.4000000000000004,1.0,9.42755804275618,22.49608960751592,24.20111065698297,-0.07045218187021862,5 6 7 9 13 15 16 22,3 4 7 10 16 18 19 20
0.001,0.03,-1.2000000000000002,1.0,10.00608728516026,19.999421509922897,15.558332328973812,0.2854476358419584,3 6 9 12 14 16 20 22,3 4 5 6 7 9 12 14
0.001,0.03,0.0,1.0,7.329463691170998,1.0276824689487103,1.099858946573446,-0.06562339457218391,0 1 10 11 12 13 14 23,0 1 2 3 4 5 6 7
0.001,0.03,1.1999999999999993,1.0,3.630395073510498,50.4433212257484,52.115811086661445,-0.032091793757789255,3 5 6 8 12 14 17 19,3 6 9 12 16 17 18 23
0.001,0.03,2.4000000000000004,1.0,1.5701344770790497,109.69140009313227,84.86356426709779,0.29256178479484896,3 4 10 11 12 14 15 23,2 3 11 12 13 15 19 23
0.001,0.03,3.5999999999999996,1.0,0.7319302642181857,181.9599241856988,182.85695961880694,-0.004905667440704087,1 2 9 10 12 13 21 22,2 3 10 11 15 18 20 23
0.001,0.03,4.799999999999999,1.0,0.39143650408310005,301.9687460797304,285.5323602479529,0.05756400366495873,1 5 6 7 8 12 21 23,2 3 6 7 9 15 17 18
0.001,0.03,6.0,1.0,0.23842343971158092,418.3498158400097,378.1925276037092,0.10618213027831014,0 5 7 14 15 16 19 22,3 8 9 10 19 20 22 23
0.001,0.03,-6.0,2.0,3.819868094014322,54.354880144534114,39.82791386257948,0.364743338857211,5 6 10 12 16 17 18 21,0 1 7 10 12 13 21 23
0.001,0.03,-4.8,2.0,4.944295037475765,43.02221351325087,42.22729702821047,0.01882470678881809,1 2 11 13 14 16 19 21,0 5 8 12 13 17 20 22
0.001,0.03,-3.6,2.0,6.30026262597108,23.397456753998064,22.73657728890504,0.029066796496916902,1 4 8 11 15 18 22 23,2 5 6 9 12 13 22 23
0.001,0.03,-2.4000000000000004,2.0,7.518125756706693,29.036605427797504,27.57545381019203,0.05298740059412643,8 9 13 14 15 16 17 23,2 7 8 9 18 19 21 22
0.001,0.03,-1.2000000000000002,2.0,7.578573982649619,26.611441710965412,21.459344355961505,0.24008642899533084,2 4 6 8 11 17 19 23,5 10 12 13 15 16 18 21
0.001,0.03,0.0,2.0,5.641737622917637,1.335356062628272,1.4040819711900558,-0.048947219586855106,0 1 10 11 12 13 14 23,0 1 2 3 4 5 6 7
0.001,0.03,1.1999999999999993,2.0,3.1204222136649,58.1305262479555,56.92152240100985,0.02123983681301178,0 8 11 12 13 15 20 23,3 8 9 15 16 18 19 20
0.001,0.03,2.4000000000000004,2.0,1.485212234134304,109.40683698550691,102.0288355528416,0.07231290441263716,1 4 8 10 13 16 20 22,1 3 4 6 8 15 18 20
0.001,0.03,3.5999999999999996,2.0,0.7334500130980395,153.15056982506596,129.14469368374094,0.18588356560829644,4 5 7 8 11 12 20 21,0 1 3 6 18 21 22 23
0.001,0.03,4.799999999999999,2.0,0.4039765134384337,296.58938884626406,287.79800209067344,0.03054707361318232,0 3 7 8 15 17 20 23,0 2 5 8 9 10 12 15
0.001,0.03,6.0,2.0,0.2486065234242561,395.0733299428814,317.6358187223062,0.24379338429799402,6 10 11 12 17 21 22 23,2 6 7 11 14 15 18 20
0.001,0.03,-6.0,4.0,2.8368609529238196,69.88759368453952,63.402718893814615,0.10228070505281672,0 8 11 14 16 17 18 21,1 2 4 5 9 10 22 23
0.001,0.03,-4.8,4.0,3.3562842036893112,63.476523413531815,55.02424040729733,0.1536101715111282,7 8 9 10 18 19 21 22,2 3 13 14 18 19 21 22
0.001,0.03,-3.6,4.0,3.8297619039702924,52.51431095844028,50.39127791453472,0.04213096257464022,6 10 11 12 14 19 20 23,2 3 5 6 11 17 19 23
0.001,0.03,-2.4000000000000004,4.0,4.050548394342678,51.30754726286401,35.85296591370546,0.4310544736063453,1 2 9 10 14 16 19 21,2 3 4 14 16 18 20 22
0.001,0.03,-1.2000000000000002,4.0,3.7487839995967183,46.66286675935558,45.85018985263338,0.01772461377661072,0 3 5 6 9 13 14 16,1 9 11 17 19 20 21 23
0.001,0.03,0.0,4.0,2.937486087450497,2.5637600278869668,2.627081415283578,-0.02410332128582937,0 1 10 11 12 13 14 23,0 1 2 3 4 5 6 7
0.001,0.03,1.1999999999999993,4.0,1.944999333028678,88.55989231139671,95.75763690591057,-0.07516627213332572,2 4 5 7 12 13 16 21,2 3 4 10 12 18 19 20
0.001,0.03,2.4000000000000004,4.0,1.1778499822207937,123.59552259052884,103.8747347005914,0.1898516318407999,5 10 11 13 15 16 18 20,1 3 7 11 13 18 19 22
0.001,0.03,3.5999999999999996,4.0,0.6851752112441403,222.58427895599354,161.80430354182946,0.375638806160995,0 5 7 11 16 17 18 21,0 7 11 13 14 15 19 23
0.001,0.03,4.799999999999999,4.0,0.4145070650809406,303.0093849566462,282.97452445753896,0.07080093353814809,5 6 8 11 13 16 22 23,0 3 5 8 12 13 20 23
0.001,0.03,6.0,4.0,0.26160097132643867,367.46789911358337,314.1672491322659,0.16965692677557764,0 3 6 7 8 16 19 22,2 4 7 11 12 16 20 21
0.001,0.05,-6.0,1.0,11.661589972725505,18.478537395076795,14.47275289992848,0.2767811018985966,1 4 5 6 11 12 13 18,0 1 5 10 17 19 20 21
0.001,0.05,-4.8,1.0,15.538005682969143,13.599925446270937,12.08346547036763,0.1254987635477698,0 2 4 8 9 13 19 20,3 10 12 13 16 18 19 23
0.001,0.05,-3.6,1.0,20.691279329966317,10.618984244205736,6.655377736184329,0.5955494436434239,0 7 8 10 11 14 15 20,3 4 6 7 11 12 19 20
0.001,0.05,-2.4000000000000004,1.0,26.236874688558142,8.131809604572622,6.26430934517082,0.29811750290420536,2 3 4 5 10 13 19 23,8 10 14 18 19 21 22 23
0.001,0.05,-1.2000000000000002,1.0,27.709012528899894,7.033240983880924,6.628227932592216,0.061104273330309544,1 3 4 6 8 10 13 15,6 9 12 15 19 20 21 22
0.001,0.05,0.0,1.0,20.359621364363885,0.8994728075211318,1.0924434052083334,-0.17664127657981632,0 1 10 11 12 13 14 23,0 1 2 3 4 5 6 7
0.001,0.05,1.1999999999999993,1.0,10.227699050624063,18.028649158673453,12.608246466308955,0.42990932219231204,1 7 11 13 15 17 20 22,0 1 2 3 6 7 8 9
0.001,0.05,2.4000000000000004,1.0,4.415343327806791,39.71925924710425,31.932007137747657,0.24386979734045844,0 9 10 13 16 20 21 22,3 6 8 9 11 14 17 19
0.001,0.05,3.5999999999999996,1.0,2.0261101069400294,72.48676634520913,58.48141773525907,0.23948373949057133,4 5 7 8 13 14 16 17,2 4 9 10 11 13 18 20
0.001,0.05,4.799999999999999,1.0,1.0938059429183205,113.07177524926509,148.6859430184076,-0.23952612497291303,3 7 9 10 11 18 19 20,1 3 5 7 9 11 15 16
0.001,0.05,6.0,1.0,0.6567167300084827,185.6717396190533,144.9392449098276,0.28103150899238494,3 4 5 7 8 9 17 21,2 4 10 14 15 16 19 21
0.001,0.05,-6.0,2.0,10.655788855459605,19.721193966518356,15.284666238941556,0.2902600330436802,0 2 4 6 14 16 20 22,4 11 13 16 17 19 20 22
0.001,0.05,-4.8,2.0,13.73110596363366,15.542843636152979,13.956291200727472,0.11368008968907217,0 8 10 13 14 15 16 22,3 5 13 15 16 18 19 22
0.001,0.05,-3.6,2.0,17.518740065193874,8.504251832187947,7.130354857480803,0.19268283306625644,1 4 8 9 15 18 20 21,3 4 7 10 19 20 22 23
0.001,0.05,-2.4000000000000004,2.0,20.954960340049865,10.638335853658774,6.213207614261703,0.7122131617233742,2 3 4 7 11 12 16 21,15 16 17 18 19 20 21 22
0.001,0.05,-1.2000000000000002,2.0,21.094025816325008,9.511895311356184,9.253893087690404,0.027880398143887986,1 4 7 17 19 20 21 23,0 3 9 15 17 19 20 21
0.001,0.05,0.0,2.0,15.671493396993435,1.1687629734716878,1.3741477377453566,-0.14946337910555052,0 1 10 11 12 13 14 23,0 1 2 3 4 5 6 7
0.001,0.05,1.1999999999999993,2.0,8.577802280439995,21.540190053117804,19.716874238962628,0.09247489191527691,2 7 8 9 10 11 14 22,0 4 5 6 12 15 16 17
0.001,0.05,2.4000000000000004,2.0,4.064184728480814,41.68334174714463,43.94935732124505,-0.051559697620539136,0 1 2 8 9 15 16 17,6 7 9 10 11 12 18 21
0.001,0.05,3.5999999999999996,2.0,2.053863126389428,52.4840106281568,45.20744074760282,0.16095956241318166,7 8 9 10 12 15 21 22,0 1 3 4 11 14 18 23
0.001,0.05,4.799999999999999,2.0,1.1302015059870407,107.95093902880558,96.71254240074732,0.11620412770754962,1 5 10 13 18 20 21 22,0 4 7 8 9 10 14 17
0.001,0.05,6.0,2.0,0.6905736761784892,167.7700194938078,133.72227453642247,0.2546153591495455,6 10 11 12 17 21 22 23,3 6 14 15 16 17 19 20
0.001,0.05,-6.0,4.0,7.9139171707630664,25.76958980865932,19.085409861870854,0.350224595393271,3 4 8 9 11 12 13 14,1 6 8 9 11 15 18 20
0.001,0.05,-4.8,4.0,9.381491155189547,21.032972259876516,11.865535011777535,0.7726105261161451,0 2 5 7 10 11 13 14,7 8 11 14 16 19 21 22
0.001,0.05,-3.6,4.0,10.627134876715425,19.41808187721919,20.48071544598028,-0.05188459219424635,2 6 15 19 20 21 22 23,4 12 17 18 19 20 21 23
0.001,0.05,-2.4000000000000004,4.0,11.251149234024743,17.531074415291545,15.857725259398896,0.1055226477013691,0 1 2 11 12 13 16 21,6 10 14 15 16 17 18 22
0.001,0.05,-1.2000000000000002,4.0,10.454846635657686,18.642993577739038,15.309773220235694,0.2177184671225345,3 6 7 13 14 16 17 23,1 3 5 6 11 16 20 21
0.001,0.05,0.0,4.0,8.159683576251382,2.24391896504667,2.498423801121825,-0.10186615896025297,0 1 10 11 12 13 14 23,0 1 2 3 4 5 6 7
0.001,0.05,1.1999999999999993,4.0,5.476711756495635,35.049567386870116,32.914598176550456,0.06486390017182986,0 6 8 17 20 21 22 23,0 1 5 10 13 15 21 23
0.001,0.05,2.4000000000000004,4.0,3.2366243798678727,48.87053477571102,32.92206495697473,0.48443102945028116,4 6 7 9 11 12 14 19,0 1 7 9 13 15 19 21
0.001,0.05,3.5999999999999996,4.0,1.8792354285106214,92.62210040593787,59.34152067843512,0.5608312585692974,0 1 4 5 6 12 15 21,4 5 7 8 10 11 19 23
0.001,0.05,4.799999999999999,4.0,1.1411993977341435,131.86467751106065,123.3409501122848,0.06910703534402951,0 3 5 8 10 11 20 23,2 5 7 12 14 19 21 22
0.001,0.05,6.0,4.0,0.7326528791361199,173.53564861841582,169.63414326685555,0.022999528729441776,0 7 10 11 16 19 20 23,0 2 3 5 10 13 18 23
0.001,0.08,-6.0,1.0,29.75093914435336,6.115949997591819,6.980077368479501,-0.12379911070755345,1 5 6 10 11 15 16 22,5 6 7 8 9 10 11 22
0.001,0.08,-4.8,1.0,39.38881025278673,4.434068080279505,4.191139022143282,0.057962538787843076,1 12 14 15 17 18 20 21,0 7 8 11 14 16 17 20
0.001,0.08,-3.6,1.0,53.290779650702426,3.1487026620942182,3.416437524666622,-0.07836667892779026,0 1 2 6 7 9 10 22,2 4 5 7 10 12 13 22
0.001,0.08,-2.4000000000000004,1.0,66.89264418442353,2.412107822651494,2.3545491616962946,0.024445724851092976,5 9 10 13 14 17 18 23,0 6 9 12 13 15 16 22
0.001,0.08,-1.2000000000000002,1.0,70.96367137511297,2.2263304145718776,1.830660751605676,0.21613489152436305,0 1 2 3 7 13 21 23,0 6 7 13 20 21 22 23
0.001,0.08,0.0,1.0,52.120630692771556,0.6318777712707413,1.079047792828174,-0.41441169198391514,0 1 10 11 12 13 14 23,0 1 2 3 4 5 6 7
0.001,0.08,1.1999999999999993,1.0,26.213470116189097,5.297712299127497,4.8810204463687965,0.08536982324437825,4 10 11 13 14 17 19 20,0 1 2 3 14 15 16 17
0.001,0.08,2.4000000000000004,1.0,11.312360593118454,11.093899092750743,12.158286508780899,-0.08754419590798745,0 3 11 15 19 20 21 23,0 3 6 8 14 16 17 23
0.001,0.08,3.5999999999999996,1.0,5.294314219456267,23.159297356340414,21.902672492538336,0.05737312943113104,5 8 12 15 19 20 21 22,3 4 6 9 13 16 18 21
0.001,0.08,4.799999999999999,1.0,2.7740904649895093,41.08653939607395,38.367513236440594,0.07086792784503149,0 1 2 5 11 15 20 21,3 6 8 11 14 16 17 19
0.001,0.08,6.0,1.0,1.7108840050273213,64.76943714005276,46.55469732848403,0.39125460709255266,4 8 13 17 18 19 22 23,5 7 8 10 16 17 19 22
0.001,0.08,-6.0,2.0,27.229776091680446,6.392659675631214,6.130745368829958,0.0427214459326406,0 4 5 11 14 18 19 22,4 11 13 16 17 19 20 22
0.001,0.08,-4.8,2.0,35.318670983321496,4.917863360511647,4.157826254141368,0.18279674520147382,0 3 8 9 10 11 15 18,0 1 4 6 10 12 16 20
0.001,0.08,-3.6,2.0,45.12622327910662,2.989829833038497,2.1029192114476163,0.4217521133302813,1 4 6 7 8 9 11 14,0 7 8 9 20 21 22 23
0.001,0.08,-2.4000000000000004,2.0,53.57455037621447,3.180343914132316,3.516310818386853,-0.09554528072369484,2 4 8 9 15 16 18 19,6 15 16 17 18 20 21 22
0.001,0.08,-1.2000000000000002,2.0,53.9448377459248,2.9519198359013448,3.015552452510506,-0.02110147895327963,2 4 6 14 16 17 19 22,0 1 2 3 15 21 22 23
0.001,0.08,0.0,2.0,40.1190230963032,0.8210543185037429,1.3222557351494424,-0.37905028756714243,0 1 10 11 12 13 14 23,0 1 2 3 4 5 6 7
0.001,0.08,1.1999999999999993,2.0,21.80378909353655,6.309590312798997,6.415905887687027,-0.016570625683905993,1 2 4 5 9 11 17 21,0 2 3 4 5 15 17 20
0.001,0.08,2.4000000000000004,2.0,10.453833000941664,13.39562894903047,11.992935320944666,0.11695999274140312,0 1 2 7 11 14 20 21,0 1 2 3 4 5 6 7
0.001,0.08,3.5999999999999996,2.0,5.1522868593969315,15.163023832063208,14.00836232401454,0.08242658787239043,0 1 5 6 9 12 14 17,1 2 4 7 15 18 22 23
0.001,0.08,4.799999999999999,2.0,2.843873496114365,38.764674352892015,34.762043435216995,0.11514371774876753,0 1 2 4 5 15 19 23,1 3 6 9 11 13 16 19
0.001,0.08,6.0,2.0,1.7488728223013879,66.10028237696292,49.45268258207352,0.33663694112569975,0 6 8 12 13 16 17 19,4 8 9 11 13 15 17 22
0.001,0.08,-6.0,4.0,20.2210666421148,8.358981706490379,8.133118571278905,0.027770790900440323,2 3 7 8 12 15 19 22,1 8 9 11 15 16 22 23
0.001,0.08,-4.8,4.0,23.889647346038164,7.059449483466787,5.295743697153973,0.3330421348111432,6 9 11 12 15 16 18 19,3 4 13 14 18 19 21 22
0.001,0.08,-3.6,4.0,27.246445304378373,6.1856492242672765,6.167573960643679,0.0029306926416996504,4 6 10 12 14 18 22 23,2 3 5 6 9 11 17 23
0.001,0.08,-2.4000000000000004,4.0,28.803531921751457,5.595981951853215,5.6552459080028985,-0.010479465811701894,1 2 6 8 10 13 19 21,2 4 5 9 11 13 17 23
0.001,0.08,-1.2000000000000002,4.0,26.69640714778064,5.7265427921338,4.992954563655198,0.14692467538530196,1 3 5 6 14 15 16 18,0 7 8 11 15 19 22 23
0.001,0.08,0.0,4.0,20.88878995520354,1.5763522237850554,2.287593279154006,-0.31091237321346765,0 1 10 11 12 13 14 23,0 1 2 3 4 5 6 7
0.001,0.08,1.1999999999999993,4.0,13.958988677937835,10.193013278363132,9.64812367771793,0.05647622468849667,1 2 11 12 13 21 22 23,0 1 2 4 5 6 16 21
0.001,0.08,2.4000000000000004,4.0,8.237679323420885,16.227876044147468,13.419188345728525,0.20930384357508314,0 2 5 7 9 13 14 18,1 2 3 6 7 8 12 17
0.001,0.08,3.5999999999999996,4.0,4.894108195201991,26.262200957399507,21.96888260800903,0.1954272516265938,5 6 8 12 17 18 19 21,0 9 12 13 15 16 19 23
0.001,0.08,4.799999999999999,4.0,2.935551474881517,41.037105798628936,32.984296378062616,0.24414070648243769,0 6 9 11 12 15 18 22,0 1 5 8 12 15 17 18
0.001,0.08,6.0,4.0,1.8693506730332257,58.4600040469246,55.447813455239086,0.05432478584781597,5 7 8 10 12 15 17 22,0 2 5 10 13 16 20 23
0.01,0.01,-6.0,1.0,0.04653344704195967,72.61422558709116,73.20344801490725,-0.008049107573404268,3 5 8 9 10 14 15 17,2 3 6 11 12 13 15 22
0.01,0.01,-4.8,1.0,0.061851527469017,70.34248850330451,68.623382798894,0.02505131100063185,1 8 10 11 14 16 17 19,4 5 7 13 17 18 22 23
0.01,0.01,-3.6,1.0,0.08253448391177072,63.91108654307881,62.52149303314232,0.022225852943080993,5 6 8 9 15 16 19 20,0 3 5 8 10 15 16 21
0.01,0.01,-2.4000000000000004,1.0,0.10457592122609195,59.57779545471427,62.6488917320484,-0.04902075986386667,2 6 12 13 15 16 19 22,0 1 5 10 13 14 16 18
0.01,0.01,-1.2000000000000002,1.0,0.111135098165244,57.978114187510585,56.30961498716515,0.029630804627695406,1 2 10 12 15 16 20 22,5 6 12 15 16 18 19 21
0.01,0.01,0.0,1.0,0.08143848545745555,1.0839578997717254,1.0943343864705153,-0.009482007352667132,0 1 10 11 12 13 14 23,0 1 2 3 4 5 6 7
0.01,0.01,1.1999999999999993,1.0,0.039925372424928905,73.59496412559315,75.23729038487934,-0.021828620500350393,1 3 4 6 10 12 15 17,0 5 6 7 10 11 13 16
0.01,0.01,2.4000000000000004,1.0,0.01767995386127966,80.0321594047925,82.42695199359576,-0.02905351381899135,4 10 12 13 16 17 20 21,2 3 4 6 9 15 19 22
0.01,0.01,3.5999999999999996,1.0,0.00815032234895634,84.68184159327127,83.73283275615665,0.011333772020806654,0 5 7 8 15 16 20 23,1 7 10 12 15 17 18 23
0.01,0.01,4.799999999999999,1.0,0.004353008738440799,85.57924383014091,85.9967556335474,-0.004854971566434441,0 3 6 7 13 17 18 21,1 2 5 6 9 10 12 18
0.01,0.01,6.0,1.0,0.0026442820960591857,86.86989157785594,86.65496606849081,0.0024802445735798706,3 8 9 11 12 15 17 18,1 6 8 12 13 15 22 23
0.01,0.01,-6.0,2.0,0.04259602544869044,74.57468999681424,74.39744636745387,0.0023823886170091235,0 2 7 11 13 16 17 21,0 6 7 8 9 12 16 22
0.01,0.01,-4.8,2.0,0.05467453980798984,69.81811148259666,71.31144910046257,-0.020941063976446683,8 9 11 14 15 20 21 23,5 6 7 8 15 18 22 23
0.01,0.01,-3.6,2.0,0.07002636348608754,60.878246873108345,59.36524219682162,0.02548637250178243,1 4 10 11 15 18 20 21,6 7 8 9 16 17 21 22
0.01,0.01,-2.4000000000000004,2.0,0.0836135643063719,65.74489446817341,64.01664377879369,0.026996896234541712,3 7 9 11 16 17 18 23,1 7 9 10 12 13 19 21
0.01,0.01,-1.2000000000000002,2.0,0.08443923309414123,65.8866444442648,63.31521644245467,0.040613112396878925,1 9 11 16 17 20 22 23,0 7 11 14 17 19 20 22
0.01,0.01,0.0,2.0,0.06268597358797376,1.4038327202325154,1.4118375109915033,-0.005669767729408415,0 1 10 11 12 13 14 23,2 3 4 5 6 7 8 9
0.01,0.01,1.1999999999999993,2.0,0.033878149515233616,74.9905092439557,75.9721639646989,-0.012921242064387273,0 3 4 6 9 11 12 15,0 1 7 8 13 14 16 20
0.01,0.01,2.4000000000000004,2.0,0.01633411406397135,82.22440578771402,80.96260308864134,0.015585006545444147,0 1 2 7 11 14 20 21,1 2 7 8 12 13 14 16
0.01,0.01,3.5999999999999996,2.0,0.00806685093670748,82.6406832536516,83.22834932209355,-0.007060888185679182,0 1 5 8 10 13 15 16,1 2 8 9 12 13 17 18
0.01,0.01,4.799999999999999,2.0,0.004459703823076924,86.17444256342682,86.4289341589205,-0.0029445184991605533,1 3 6 9 11 13 16 19,1 3 6 9 11 13 16 19
0.01,0.01,6.0,2.0,0.0027345764306508542,86.82415232274028,86.89867622731583,-0.0008575953951313053,2 6 9 10 11 12 20 23,4 8 9 11 13 17 20 22
0.01,0.01,-6.0,4.0,0.031508159578861,75.79095181028313,73.50172381382137,0.03114522867872238,2 3 12 13 16 17 22 23,3 4 9 10 12 13 17 22
0.01,0.01,-4.8,4.0,0.03725580357733533,74.439666984666,74.41525908281567,0.00032799592652321685,8 11 13 14 17 18 20 21,2 4 10 11 13 17 20 22
0.01,0.01,-3.6,4.0,0.04273227189093412,74.73269624935374,74.0020087453561,0.009873887430704276,1 2 3 5 7 13 14 16,4 8 15 17 19 21 22 23
0.01,0.01,-2.4000000000000004,4.0,0.04501065187283227,74.18181761792184,72.28060502209715,0.026303219172604697,8 9 11 12 13 14 16 17,6 8 10 14 15 17 22 23
0.01,0.01,-1.2000000000000002,4.0,0.04171313616840725,74.27808008669254,73.54620609437096,0.009951213409737036,1 3 5 6 14 15 16 18,3 7 12 15 16 17 18 20
0.01,0.01,0.0,4.0,0.03263873430500553,2.666210463623884,2.6789297051266288,-0.004747881767261042,0 1 10 11 12 13 14 23,0 1 10 11 12 13 14 23
0.01,0.01,1.1999999999999993,4.0,0.02157902846988134,80.02675610880708,79.76477164026437,0.0032844633433446457,2 4 5 6 7 9 20 23,1 2 6 16 17 18 20 22
0.01,0.01,2.4000000000000004,4.0,0.013023143594669622,83.29591999904633,83.09428000695712,0.0024266410644913083,1 3 5 14 16 18 19 20,2 3 4 5 7 11 13 22
0.01,0.01,3.5999999999999996,4.0,0.007638711488161384,84.75823971616018,84.61245390927684,0.0017229828488327659,1 4 5 7 20 21 22 23,0 1 3 6 9 10 14 17
0.01,0.01,4.799999999999999,4.0,0.004592177627429193,86.17551831514378,85.94071998012208,0.002732096438987197,0 3 7 10 16 17 20 23,0 1 3 6 8 11 17 18
0.01,0.01,6.0,4.0,0.002916094308583582,86.55858090332804,86.77285373555418,-0.002469353294281995,0 7 8 12 13 16 17 18,0 2 7 8 14 20 22 23
0.01,0.03,-6.0,1.0,0.4188484086345499,32.770819907544436,30.351043961275344,0.07972628385885061,2 3 4 6 11 12 20 23,2 3 4 14 16 17 20 23
0.01,0.03,-4.8,1.0,0.5560408024638259,25.300196803368053,20.997292728765803,0.20492661269170998,5 6 7 10 16 18 19 20,0 2 5 9 15 16 18 20
0.01,0.03,-3.6,1.0,0.748571534483323,22.26113135009267,18.047822369301976,0.23345248499105486,0 1 5 6 10 11 14 15,1 3 4 6 7 11 12 21
0.01,0.03,-2.4000000000000004,1.0,0.9430090350540057,18.004022083606035,16.988265933581907,0.05979163229463058,3 6 7 11 12 14 15 23,0 2 4 12 15 17 18 20
0.01,0.03,-1.2000000000000002,1.0,1.0001263545462469,16.6321492910836,14.763824409928176,0.12654748724179066,0 7 9 10 13 15 20 22,1 2 8 11 13 14 15 16
0.01,0.03,0.0,1.0,0.7329463691170999,1.016307971616059,1.08688317663077,-0.06493357016849521,0 1 10 11 12 13 14 23,0 1 2 3 4 5 6 7
0.01,0.03,1.1999999999999993,1.0,0.36632314091876894,33.18038536836781,28.08517531286076,0.18141991277419067,0 6 10 12 15 17 18 20,0 1 2 3 7 9 10 12
0.01,0.03,2.4000000000000004,1.0,0.15932447725558932,47.057822690181155,47.15511640685962,-0.0020632695684388302,4 9 13 15 16 17 19 22,0 1 2 3 4 10 13 21
0.01,0.03,3.5999999999999996,1.0,0.07298669142317571,60.51226331969117,59.32950558435419,0.019935405220179225,2 6 7 8 11 13 16 22,1 4 6 7 12 13 17 18
0.01,0.03,4.799999999999999,1.0,0.039605797986347266,69.47580477103905,64.58310008700083,0.07575828161619969,2 3 9 10 20 21 22 23,0 1 3 4 12 16 22 23
0.01,0.03,6.0,1.0,0.02391667540377403,74.22059280872742,73.97116095985025,0.0033720147911771026,3 8 9 13 14 17 20 23,2 4 10 14 15 16 19 21
0.01,0.03,-6.0,2.0,0.38554577987457417,34.20172653044529,34.94879012734651,-0.02137595018823446,0 1 5 7 9 11 12 13,5 7 8 9 11 15 19 23
0.01,0.03,-4.8,2.0,0.4923792766963367,29.059872708883667,28.853120149061546,0.007165691570062194,3 6 13 16 18 19 20 23,4 7 8 12 15 16 21 22
0.01,0.03,-3.6,2.0,0.6339327862999852,18.67098540467816,14.296010352644062,0.3060276919304932,0 5 6 8 9 11 12 15,1 8 10 11 17 20 22 23
0.01,0.03,-2.4000000000000004,2.0,0.7535003009737877,21.04087402942409,20.826113840093164,0.01031206258545847,1 3 4 10 16 17 18 20,0 1 4 7 14 16 21 23
0.01,0.03,-1.2000000000000002,2.0,0.7561031109701031,19.03926382146549,20.07957000395089,-0.05180918626647435,0 1 2 7 8 10 18 21,2 4 5 7 8 10 13 20
0.01,0.03,0.0,2.0,0.5641737622917636,1.3162147477215325,1.3830039822570808,-0.04829287217709044,0 1 10 11 12 13 14 23,0 1 2 3 4 5 6 7
0.01,0.03,1.1999999999999993,2.0,0.30901302053396135,36.152722516403784,37.197317192168086,-0.02808252730614247,1 2 3 5 11 17 22 23,1 5 8 12 13 14 16 20
0.01,0.03,2.4000000000000004,2.0,0.14852505346151576,43.70800558982377,52.08437761917145,-0.1608231184136194,0 2 8 14 15 16 17 22,4 5 7 11 13 18 19 22
0.01,0.03,3.5999999999999996,2.0,0.07439150760705895,54.98209854779226,53.26419100082932,0.03225257935366366,6 7 13 14 15 16 22 23,0 1 2 3 9 14 16 19
0.01,0.03,4.799999999999999,2.0,0.04027620438036307,69.99003049658401,67.50737162924132,0.03677611507344358,0 1 7 10 15 16 17 20,1 3 6 9 11 13 16 19
0.01,0.03,6.0,2.0,0.024628683768813886,74.33605981732542,74.90638478956488,-0.007613836575369071,1 5 8 9 15 16 19 22,0 4 5 9 11 12 13 18
0.01,0.03,-6.0,4.0,0.2848645629489153,38.96538028641823,38.33697519988165,0.016391618881254955,2 5 6 8 9 14 15 16,1 4 7 9 12 17 20 23
0.01,0.03,-4.8,4.0,0.3369187785416822,35.993086679399276,24.563294038823873,0.46532002680543894,4 7 9 10 11 12 14 15,0 11 15 16 19 20 22 23
0.01,0.03,-3.6,4.0,0.383687380337564,34.12407571268772,33.05945685607705,0.03220315630850945,2 3 5 6 12 19 21 23,4 8 9 10 17 21 22 23
0.01,0.03,-2.4000000000000004,4.0,0.4050496676496298,33.101096710465825,31.508800229406805,0.05053497656102279,1 2 6 8 10 13 19 21,1 8 12 13 14 16 20 22
0.01,0.03,-1.2000000000000002,4.0,0.3767964571876219,33.35514174219846,33.03143572082056,0.009799937977684081,6 7 9 15 16 17 18 20,0 2 7 12 16 17 21 22
0.01,0.03,0.0,4.0,0.2937486087450497,2.4941225405529797,2.5542448696785995,-0.023538200992133218,0 1 10 11 12 13 14 23,0 1 2 3 4 5 6 7
0.01,0.03,1.1999999999999993,4.0,0.1955068430870689,43.80806381969171,42.60016420714576,0.028354341703296537,0 3 8 10 11 19 20 23,0 3 9 10 11 12 13 14
0.01,0.03,2.4000000000000004,4.0,0.11720958476006756,55.81037410572075,52.94025458533348,0.05421431277329747,1 4 5 10 16 18 19 23,2 3 5 11 13 14 17 22
0.01,0.03,3.5999999999999996,4.0,0.06826275185292113,65.58934662198304,58.9651867496311,0.11234018303848381,1 6 9 10 11 12 15 22,0 3 5 6 7 9 14 23
0.01,0.03,4.799999999999999,4.0,0.04091530862743598,68.3980256262835,67.81855292691394,0.00854445685377625,0 2 3 4 5 15 18 22,0 2 5 12 13 15 18 22
0.01,0.03,6.0,4.0,0.026454951072634923,73.18710683488422,70.5435856859231,0.03747358634037545,1 2 7 19 20 21 22 23,3 4 9 10 12 13 19 20
0.01,0.05,-6.0,1.0,1.1546903496598795,14.541626573786628,10.631449977489552,0.36779334940918385,1 4 13 14 18 21 22 23,0 1 10 14 20 21 22 23
0.01,0.05,-4.8,1.0,1.5427830909951592,11.618311246792384,8.683125793729143,0.3380332754344062,7 8 9 10 13 16 21 22,3 10 12 13 16 18 19 23
0.01,0.05,-3.6,1.0,2.066974978771987,9.05000568789592,6.451410798841587,0.4027948258264591,1 2 8 9 15 17 18 20,1 2 4 5 8 9 11 14
0.01,0.05,-2.4000000000000004,1.0,2.6147557835107396,7.232287005752818,6.723030604273074,0.0757480415388958,3 6 10 11 14 19 20 21,1 6 9 17 18 19 21 22
0.01,0.05,-1.2000000000000002,1.0,2.773683613248281,6.659101692129512,5.089628427875593,0.30836696361919214,0 2 5 10 11 12 16 18,6 7 13 16 20 21 22 23
0.01,0.05,0.0,1.0,2.035962136436389,0.8895173748359502,1.0779349243036553,-0.17479492056482226,0 1 10 11 12 13 14 23,0 1 2 3 4 5 6 7
0.01,0.05,1.1999999999999993,1.0,1.007196514520612,13.849825675069484,12.21222343715273,0.13409533868621715,2 4 6 9 11 12 16 22,1 7 8 10 11 12 13 14
0.01,0.05,2.4000000000000004,1.0,0.43784405703107976,27.16113763086556,24.149910419484137,0.12468895987920381,1 7 8 12 14 16 18 22,6 7 8 15 16 17 19 23
0.01,0.05,3.5999999999999996,1.0,0.20386527742615984,37.467052961049205,35.99625603267246,0.0408597196064433,0 2 7 13 16 18 19 20,3 4 5 8 12 15 19 22
0.01,0.05,4.799999999999999,1.0,0.10867228929783257,47.94077932477704,45.33146260633957,0.05756083233177134,3 4 7 9 10 13 15 21,3 6 7 16 17 18 21 22
0.01,0.05,6.0,1.0,0.06581237241086829,57.258515415235735,53.24120634215864,0.07545488446034732,0 4 5 6 11 15 19 20,1 2 3 5 16 17 22 23
0.01,0.05,-6.0,2.0,1.0615252604953043,15.808349842835582,12.51730897183866,0.26291920079635966,3 6 7 13 16 17 19 22,4 11 13 16 17 19 20 22
0.01,0.05,-4.8,2.0,1.3782928163881751,12.761917784718566,12.12662170339776,0.05238854619690181,0 4 7 8 10 13 18 19,0 1 6 11 16 21 22 23
0.01,0.05,-3.6,2.0,1.7488249968873686,7.554949043238392,6.610703877480809,0.1428357983140236,5 6 8 13 15 18 20 21,1 5 6 8 17 20 22 23
0.01,0.05,-2.4000000000000004,2.0,2.088567368777429,9.382442767178665,7.9146239270433805,0.18545654899911446,8 9 11 15 16 17 18 20,15 16 17 18 19 20 21 22
0.01,0.05,-1.2000000000000002,2.0,2.1066888733097167,8.542600961471251,5.620996048879576,0.5197664056664895,0 5 7 11 12 19 21 23,3 4 11 13 14 15 19 21
0.01,0.05,0.0,2.0,1.5671493396993437,1.1520096783660838,1.3512703658599197,-0.1474617460192954,0 1 10 11 12 13 14 23,0 1 2 3 4 5 6 7
0.01,0.05,1.1999999999999993,2.0,0.8592491399844382,16.0749538912733,16.649130132754618,-0.03448686128963063,0 3 8 9 10 15 20 21,2 4 5 6 7 10 13 17
0.01,0.05,2.4000000000000004,2.0,0.4066598393659483,27.83429167599247,28.57903796577032,-0.026059179832079837,0 1 6 7 8 9 18 20,1 2 7 8 9 10 19 21
0.01,0.05,3.5999999999999996,2.0,0.20745888538622279,31.073668258268455,27.76551372439461,0.1191461669577294,9 10 14 15 17 18 20 21,0 1 2 5 9 12 19 22
0.01,0.05,4.799999999999999,2.0,0.11201779259244135,49.02822780353194,47.89933653010654,0.023567993947386956,0 3 8 11 13 16 17 21,0 2 5 8 9 10 12 15
0.01,0.05,6.0,2.0,0.06821834888465442,56.09178796788482,56.870430639461006,-0.0136915205814514,0 7 9 11 13 14 15 18,3 7 10 13 16 17 19 21
0.01,0.05,-6.0,4.0,0.7872593283681352,18.894735990064934,12.768248219255133,0.47982210759113864,3 4 13 14 17 18 21 22,7 9 10 12 15 18 19 23
0.01,0.05,-4.8,4.0,0.9356724456773226,17.630326295064638,13.587751722180139,0.29751607591457163,2 4 7 9 11 14 18 19,4 5 13 14 18 19 21 22
0.01,0.05,-3.6,4.0,1.063822751102859,15.867192806731047,14.653683130793848,0.0828126052068836,6 10 11 12 14 19 20 23,2 6 10 11 14 15 17 18
0.01,0.05,-2.4000000000000004,4.0,1.1251251203586983,14.732480915001995,12.259007275924137,0.2017678579843567,0 6 7 8 15 20 21 22,2 4 6 12 13 18 20 21
0.01,0.05,-1.2000000000000002,4.0,1.041299073722881,15.299381315330885,12.90244157700653,0.18577412065914323,0 1 2 9 11 12 15 16,0 1 4 8 14 18 22 23
0.01,0.05,0.0,4.0,0.8159683576251382,2.1829691443377577,2.423814005330372,-0.09936606540887871,0 1 10 11 12 13 14 23,0 1 2 3 4 5 6 7
0.01,0.05,1.1999999999999993,4.0,0.5426770359295952,23.921970831296242,21.398239186446986,0.11794108958496508,1 4 9 11 12 16 19 20,2 3 7 9 11 13 17 18
0.01,0.05,2.4000000000000004,4.0,0.3217805600558746,29.5083873898371,29.27280707557143,0.008047752771283223,2 4 5 7 8 9 13 20,1 4 6 7 12 18 19 23
0.01,0.05,3.5999999999999996,4.0,0.1890044519301616,41.200051952800415,39.31278752295066,0.04800637524744289,0 2 6 9 11 12 18 20,2 7 9 11 13 15 16 20
0.01,0.05,4.799999999999999,4.0,0.11501762942624617,48.412173656487965,46.52254756285599,0.040617425154521714,0 4 7 13 16 19 20 22,1 4 8 9 12 15 17 22
0.01,0.05,6.0,4.0,0.07312114038551756,53.72840503668601,51.77721523977934,0.03768433253643999,1 6 8 9 15 18 21 22,0 2 3 5 9 10 14 19
0.01,0.08,-6.0,1.0,2.9661479471408283,5.304782659119539,5.8510709178328595,-0.09336551656694958,1 5 7 14 15 16 19 23,5 8 9 11 15 19 20 22
0.01,0.08,-4.8,1.0,3.9506109491779724,4.072614973789074,4.655497917718873,-0.12520313707183506,1 7 10 13 14 17 20 23,5 6 8 11 12 14 15 23
0.01,0.08,-3.6,1.0,5.29369543441487,3.0388998680423285,3.1997112884614793,-0.05025810328546043,3 4 6 7 13 14 19 22,1 2 5 6 8 9 15 22
0.01,0.08,-2.4000000000000004,1.0,6.7028848744808975,2.3881696271648716,2.382077050784553,0.0025576739334742804,1 4 6 11 14 17 19 22,8 9 11 12 14 15 17 18
0.01,0.08,-1.2000000000000002,1.0,7.099394184551366,2.19412927117074,1.6872454626725546,0.30042090478956984,0 2 3 6 9 12 20 22,2 3 4 5 6 11 12 13
0.01,0.08,0.0,1.0,5.212063069277155,0.624884128558097,1.059463741911166,-0.41018828314891753,0 1 10 11 12 13 14 23,0 1 2 3 4 5 6 7
0.01,0.08,1.1999999999999993,1.0,2.6346218976030777,4.83927845923611,4.47440623065916,0.08154651360817478,7 9 12 14 17 18 19 20,0 1 2 3 18 19 20 21
0.01,0.08,2.4000000000000004,1.0,1.1280139526182036,9.780319682775417,8.20860888194682,0.19147103040629188,5 7 8 14 15 16 20 23,2 7 10 12 13 15 18 23
0.01,0.08,3.5999999999999996,1.0,0.5184569111077125,16.717197281361425,12.608724855456137,0.32584361011949925,1 7 8 9 10 12 13 23,0 1 7 8 13 14 18 19
0.01,0.08,4.799999999999999,1.0,0.27939147915167584,23.39401515645404,22.68490144182367,0.031259281264629735,5 6 9 11 12 14 15 20,1 2 3 5 8 11 16 19
0.01,0.08,6.0,1.0,0.16902692302497296,29.816285699741925,31.190105257154062,-0.04404664704031491,1 2 3 5 16 17 22 23,3 4 7 8 15 18 19 22
0.01,0.08,-6.0,2.0,2.7141939764229948,5.550603092884774,6.280729886391223,-0.11624871738051512,4 9 12 13 15 16 18 22,9 10 12 13 14 16 18 22
0.01,0.08,-4.8,2.0,3.5203100775148757,4.476150836622889,4.3529382283555975,0.028305618367076457,0 3 4 6 18 19 20 21,0 2 5 10 13 15 19 20
0.01,0.08,-3.6,2.0,4.512618138216777,2.8228716313666564,2.017845274934224,0.3989534611164247,2 3 6 7 8 9 12 13,4 7 8 9 19 20 22 23
0.01,0.08,-2.4000000000000004,2.0,5.350519677914417,3.005994383096552,3.149998083172383,-0.04571548816017179,1 5 6 12 18 20 21 22,6 15 16 17 18 20 21 22
0.01,0.08,-1.2000000000000002,2.0,5.381282006047424,2.7730660697621263,2.9227618020812827,-0.051217219348001164,0 1 6 7 10 13 17 21,4 8 9 10 16 19 20 21
0.01,0.08,0.0,2.0,4.011902309630321,0.809285188732544,1.2929684485558726,-0.3740874422446724,0 1 10 11 12 13 14 23,0 1 2 3 4 5 6 7
0.01,0.08,1.1999999999999993,2.0,2.1777937256187867,5.935613165951693,5.567863761179315,0.06604856378427004,0 6 7 8 9 10 11 17,0 1 2 5 8 11 21 22
0.01,0.08,2.4000000000000004,2.0,1.0585517798602995,10.51245427348936,7.353314348288563,0.4296212259626935,1 5 10 12 13 14 21 22,0 3 4 5 7 14 15 19
0.01,0.08,3.5999999999999996,2.0,0.5189404935082572,11.800582458578136,11.352876822092007,0.03943543504452718,1 4 6 8 9 11 17 22,0 1 2 3 9 10 17 20
0.01,0.08,4.799999999999999,2.0,0.28882849803699395,23.085224897406132,18.73235454605781,0.2323717683564972,5 7 8 9 15 17 22 23,1 2 5 6 7 9 10 15
0.01,0.08,6.0,2.0,0.17330450553081161,30.156186997872496,29.02445774653463,0.0389922616718994,1 3 4 5 10 11 12 19,2 6 7 9 11 13 15 20
0.01,0.08,-6.0,4.0,2.0192665882505727,7.205226801795853,6.999541383682128,0.029385556401342994,4 5 9 10 14 17 19 20,2 4 6 7 9 10 12 18
0.01,0.08,-4.8,4.0,2.395319950018355,6.073176021651164,4.805539941676505,0.26378639973022877,1 5 6 10 12 15 17 18,1 5 12 16 17 20 21 23
0.01,0.08,-3.6,4.0,2.724250233367725,5.495473935158643,4.805067657034224,0.14368294629810685,5 8 12 14 16 17 18 21,1 3 4 6 7 9 10 12
0.01,0.08,-2.4000000000000004,4.0,2.880551041004115,5.068435538869605,5.067873375808375,0.00011092681674207405,8 10 12 13 18 19 20 21,1 5 6 9 10 15 20 21
0.01,0.08,-1.2000000000000002,4.0,2.6749491912111103,4.987182506137577,4.552426573118554,0.095499823234096,2 5 11 13 14 15 16 18,2 3 7 10 11 18 19 22
0.01,0.08,0.0,4.0,2.088878995520354,1.5335350651147488,2.2013273715154944,-0.3033589256381285,0 1 10 11 12 13 14 23,0 1 2 3 4 5 6 7
0.01,0.08,1.1999999999999993,4.0,1.3841342977536286,8.62855942132533,9.1210819952565,-0.05399826184956025,1 5 6 7 11 15 16 21,1 2 6 9 11 13 16 17
0.01,0.08,2.4000000000000004,4.0,0.8334903805160361,12.84795301294348,10.642283797133805,0.20725525252424748,1 4 5 10 16 18 19 23,0 2 6 8 11 14 22 23
0.01,0.08,3.5999999999999996,4.0,0.48265485885618953,16.578090852768536,16.74760625583154,-0.010121769073952125,0 2 4 8 10 14 16 18,7 10 11 14 16 17 18 20
0.01,0.08,4.799999999999999,4.0,0.29475882402404474,24.180296919543878,20.966010776614347,0.15330938141626693,5 6 8 11 13 18 20 23,0 3 5 8 12 13 20 21
0.01,0.08,6.0,4.0,0.18663003574934925,29.066851802729968,27.839400674901587,0.04409042932217222,0 7 8 12 13 16 17 18,2 4 9 13 14 16 20 23
0.1,0.01,-6.0,1.0,0.0046412471323314915,8.643634096846574,8.62015374515607,0.002723890128258688,4 5 10 12 13 14 16 19,1 6 10 11 12 13 15 16
0.1,0.01,-4.8,1.0,0.00614725525035364,8.592898616168021,8.544695267336909,0.005641318657129357,6 12 14 15 17 18 20 21,1 4 7 8 10 12 16 22
0.1,0.01,-3.6,1.0,0.008301555015425628,8.464462755787071,8.475273587802832,-0.0012755732194084102,0 3 4 8 9 13 14 20,1 5 6 10 11 21 22 23
0.1,0.01,-2.4000000000000004,1.0,0.0104764421205408,8.38031257148193,8.427813358893289,-0.005636193563925418,3 6 8 10 11 14 19 21,8 10 12 14 15 16 21 23
0.1,0.01,-1.2000000000000002,1.0,0.011090035368325457,8.402036183236715,8.335449722646803,0.007988346496650589,3 5 7 8 9 10 11 13,1 5 6 7 8 10 12 15
0.1,0.01,0.0,1.0,0.008143848545745555,0.9759395919729813,0.9843932847153446,-0.00858771882500986,0 1 10 11 12 13 14 23,0 1 2 3 4 5 6 7
0.1,0.01,1.1999999999999993,1.0,0.0040545566138441725,8.649869217889435,8.622548245370405,0.0031685496841029615,4 6 7 10 12 13 17 23,8 9 10 11 18 19 20 21
0.1,0.01,2.4000000000000004,1.0,0.0017716088781317637,8.737041589138393,8.743112963194061,-0.0006944178899698228,3 7 12 16 17 18 20 23,0 2 3 6 12 15 16 18
0.1,0.01,3.5999999999999996,1.0,0.0008062143233999424,8.771818409160774,8.78226043614471,-0.0011889908139094407,0 3 5 8 10 11 18 19,0 3 7 10 16 19 21 22
0.1,0.01,4.799999999999999,1.0,0.0004364183572904163,8.789904365556144,8.791749511086907,-0.00020987239552683334,2 5 7 8 11 16 20 22,0 5 6 8 14 15 18 21
0.1,0.01,6.0,1.0,0.00026277032063157056,8.800643054562281,8.800616647155172,3.0006314519770427e-06,2 4 7 8 9 11 16 18,0 3 4 9 15 19 20 21
0.1,0.01,-6.0,2.0,0.004245972533491259,8.669695751356963,8.60722421142747,0.007258035621583225,4 9 10 11 13 14 20 22,2 3 4 5 6 15 19 23
0.1,0.01,-4.8,2.0,0.005506452714383811,8.602029855462662,8.622430469793676,-0.002365993486695084,3 4 7 11 12 15 16 17,2 8 11 14 15 20 21 23
0.1,0.01,-3.6,2.0,0.007002419910757823,8.422248502878924,8.368997534086352,0.0063628849901895546,6 9 10 11 14 15 17 18,3 6 8 11 13 14 21 22
0.1,0.01,-2.4000000000000004,2.0,0.008384632090391848,8.472481865759347,8.434076362093748,0.0045536110910981975,0 1 5 6 9 12 16 23,1 2 6 7 13 14 21 23
0.1,0.01,-1.2000000000000002,2.0,0.00843846055971321,8.488344722088286,8.518891998913103,-0.0035858274560488512,4 7 8 10 19 20 21 23,0 2 3 7 9 15 19 22
0.1,0.01,0.0,2.0,0.006268597358797375,1.2278546220128013,1.234029381578247,-0.005003737883087278,0 1 10 11 12 13 14 23,3 4 5 6 7 8 9 10
0.1,0.01,1.1999999999999993,2.0,0.0034236095765256026,8.643228702408654,8.664673325977533,-0.002474948882906669,0 4 7 10 11 14 16 17,0 7 8 14 15 16 17 19
0.1,0.01,2.4000000000000004,2.0,0.0016490893734474924,8.73383143403945,8.749377679034284,-0.0017768400868197753,3 8 9 10 11 12 17 23,7 9 11 13 14 16 20 23
0.1,0.01,3.5999999999999996,2.0,0.0008149548034425327,8.75543691485966,8.76245304255828,-0.0008007036002981582,3 4 6 7 15 16 18 19,0 1 5 6 11 12 18 19
0.1,0.01,4.799999999999999,2.0,0.0004482173494794363,8.790027392420889,8.792118456167062,-0.00023783389141052158,5 6 7 11 12 13 15 21,0 1 5 10 13 14 15 20
0.1,0.01,6.0,2.0,0.0002725781356018098,8.802419512195502,8.801136237506936,0.0001458078427529763,5 6 7 10 11 14 15 16,2 4 6 10 12 13 15 16
0.1,0.01,-6.0,4.0,0.0031463118396381955,8.706346900823421,8.679752204334338,0.0030639925959869974,9 10 12 13 16 17 19 22,1 3 6 8 9 11 15 22
0.1,0.01,-4.8,4.0,0.003732795295711414,8.672051188640532,8.67865974876265,-0.0007614724293183439,6 7 8 9 17 18 20 21,0 1 2 9 17 18 20 21
0.1,0.01,-3.6,4.0,0.0042546269692781274,8.66004380682443,8.664438082031701,-0.0005071621685870387,5 9 13 15 16 18 19 22,3 7 8 9 16 20 21 22
0.1,0.01,-2.4000000000000004,4.0,0.004500744861234515,8.64177906662433,8.64146249845821,3.663363304262646e-05,2 6 8 10 13 14 19 21,4 8 9 10 15 16 18 20
0.1,0.01,-1.2000000000000002,4.0,0.004183615080727711,8.651619625798896,8.636804659401601,0.001715329567071766,3 6 12 14 15 16 17 19,1 5 7 10 14 15 16 18
0.1,0.01,0.0,4.0,0.0032638734305005528,2.095673651258996,2.1037569791073714,-0.003842329664809907,0 1 10 11 12 13 14 23,0 1 9 10 11 12 13 14
0.1,0.01,1.1999999999999993,4.0,0.002172315491978643,8.709720282890261,8.73377364789857,-0.002754063246658056,6 8 9 10 11 13 17 20,0 6 7 10 14 16 21 23
0.1,0.01,2.4000000000000004,4.0,0.001320683186188432,8.755987095975962,8.753227223285966,0.00031529773186433907,7 12 15 16 17 20 21 22,6 7 10 12 14 15 19 21
0.1,0.01,3.5999999999999996,4.0,0.0007690885271836175,8.784234261568068,8.780942244513392,0.0003749047611301126,7 8 9 13 17 21 22 23,2 4 6 12 13 15 20 21
0.1,0.01,4.799999999999999,4.0,0.0004557856296561557,8.793131335720155,8.786608222645608,0.000742392617180121,1 2 4 5 13 14 18 19,1 4 6 11 13 18 20 21
0.1,0.01,6.0,4.0,0.00029209033301917225,8.800540190824753,8.797404763603609,0.0003564036560095296,3 6 8 9 15 16 19 20,1 6 8 11 13 16 17 18
0.1,0.03,-6.0,1.0,0.04159156644994343,7.206190105805058,6.939248871782802,0.038468318250945766,5 9 11 13 15 17 21 22,0 1 5 10 17 19 20 21
0.1,0.03,-4.8,1.0,0.055691489145314056,6.887729106683717,6.380609196250326,0.07947829036942244,5 6 7 10 12 16 18 20,1 5 14 16 17 20 21 22
0.1,0.03,-3.6,1.0,0.07424768616006029,6.303804177437132,5.737277473024005,0.09874486759214074,7 8 10 11 12 13 17 22,0 1 5 6 8 11 17 20
0.1,0.03,-2.4000000000000004,1.0,0.09389745375488856,6.119951761723173,5.690214265346073,0.0755221994001598,7 8 11 16 17 20 21 22,1 4 7 12 17 20 21 23
0.1,0.03,-1.2000000000000002,1.0,0.10025511659844238,5.925709475050865,5.771686747902699,0.026685912433507264,10 11 13 16 17 19 20 22,0 1 5 7 8 10 14 15
0.1,0.03,0.0,1.0,0.07329463691170998,0.915031343035478,0.9721877054820859,-0.058791488643919254,0 1 10 11 12 13 14 23,0 1 2 3 4 5 6 7
0.1,0.03,1.1999999999999993,1.0,0.036862227467792996,7.155063529653488,7.043702484172555,0.01581001550408545,6 8 12 13 14 15 19 21,2 4 5 7 19 20 21 22
0.1,0.03,2.4000000000000004,1.0,0.015664018327239685,7.7222989963818724,7.660712090920718,0.008039318633857206,3 4 5 7 10 16 20 23,2 5 6 10 13 16 21 22
0.1,0.03,3.5999999999999996,1.0,0.007286964389578455,7.976254732595629,7.980514234877699,-0.0005337378214871347,3 4 5 8 10 15 17 20,2 5 7 10 12 13 20 21
0.1,0.03,4.799999999999999,1.0,0.00391222098892918,8.110189982887668,8.109597070193283,7.311247269781163e-05,2 3 8 9 11 13 17 19,1 5 10 11 16 19 20 21
0.1,0.03,6.0,1.0,0.002363301154045865,8.155655448782937,8.144085859307364,0.0014206124143880672,0 4 6 8 10 12 16 17,0 5 6 9 10 12 16 22
0.1,0.03,-6.0,2.0,0.038287957235839144,7.277164786819371,7.283483402973638,-0.0008675266770961088,6 7 9 10 12 13 16 20,2 5 6 8 12 13 14 21
0.1,0.03,-4.8,2.0,0.04968698012262614,7.029336165424853,6.170520512974438,0.13918042256639906,1 2 7 8 9 10 17 18,4 7 13 14 17 19 20 23
0.1,0.03,-3.6,2.0,0.06332766506364891,5.94253303204716,5.608598138126923,0.05953981470880687,1 4 8 9 10 11 13 16,0 2 4 7 13 17 21 22
0.1,0.03,-2.4000000000000004,2.0,0.07542558689232765,6.304286465869844,5.805719662783497,0.08587510800466625,1 6 7 8 10 11 12 23,2 4 5 11 12 16 18 19
0.1,0.03,-1.2000000000000002,2.0,0.07569705756498654,6.475016213097232,6.30142596039679,0.027547773121738395,0 3 7 10 11 13 15 18,4 8 9 10 16 19 20 21
0.1,0.03,0.0,2.0,0.056417376229176364,1.1511991004446847,1.202487348946466,-0.04265179882908243,0 1 10 11 12 13 14 23,0 1 2 3 4 5 6 7
0.1,0.03,1.1999999999999993,2.0,0.031085247111435108,7.351787342803544,7.043651948423261,0.043746538959702486,1 7 8 9 12 16 19 23,2 3 4 7 14 15 19 22
0.1,0.03,2.4000000000000004,2.0,0.015041691423072727,7.788999730149183,7.815660610246869,-0.003411212618768533,1 7 8 15 19 21 22 23,2 3 4 5 10 14 16 22
0.1,0.03,3.5999999999999996,2.0,0.007274586250303435,7.847168383542757,7.834567875776869,0.0016083219860596465,2 3 7 8 9 10 16 17,1 2 4 5 12 13 17 18
0.1,0.03,4.799999999999999,2.0,0.004039415459899107,8.087935028696933,8.076961354658318,0.001358638918370625,0 7 8 11 12 15 17 23,0 1 3 6 7 13 15 23
0.1,0.03,6.0,2.0,0.00244304584695294,8.164446116059308,8.175557193903556,-0.0013590606218905066,0 4 5 9 11 12 13 18,1 3 5 6 7 9 15 19
0.1,0.03,-6.0,4.0,0.028316566270791585,7.44193792141538,7.094072770515837,0.04903602798456341,10 11 13 14 15 16 18 21,0 2 4 7 8 10 12 20
0.1,0.03,-4.8,4.0,0.03370844745886251,7.246654068375909,6.852449590562647,0.05752752685056883,2 4 5 9 11 14 16 17,4 7 14 15 17 18 22 23
0.1,0.03,-3.6,4.0,0.03837866889013121,7.264102117199817,6.768806825120371,0.0731732053929075,1 7 8 11 12 13 17 19,3 7 11 12 16 18 19 20
0.1,0.03,-2.4000000000000004,4.0,0.04050533561050657,7.224505860783641,6.7365656859856236,0.07243159163624013,1 2 6 7 9 11 17 19,1 4 8 10 12 15 16 23
0.1,0.03,-1.2000000000000002,4.0,0.03756207175765231,7.168023730783601,7.035181411145738,0.018882572015471277,1 5 8 10 12 14 15 17,1 2 5 8 9 11 12 16
0.1,0.03,0.0,4.0,0.029374860874504968,1.96137027081773,1.9997959987218095,-0.019214823876355203,0 1 10 11 12 13 14 23,0 1 2 3 4 5 6 7
0.1,0.03,1.1999999999999993,4.0,0.019579577292338893,7.604404369712789,7.297058160670409,0.0421191941019341,2 5 11 12 14 15 18 21,0 3 10 14 15 18 19 23
0.1,0.03,2.4000000000000004,4.0,0.011691634157997054,7.866125283047752,7.808686758611336,0.007355721417954486,2 3 4 8 16 17 19 21,0 8 9 11 15 17 19 23
0.1,0.03,3.5999999999999996,4.0,0.006854187493576156,7.979311464105593,8.022719045374805,-0.00541058225069424,3 5 11 12 13 14 17 21,0 1 2 5 11 16 19 20
0.1,0.03,4.799999999999999,4.0,0.004123372316883337,8.095195734768469,8.070065418154432,0.003114016468503955,2 3 11 12 13 14 16 19,1 3 6 7 8 12 17 21
0.1,0.03,6.0,4.0,0.002607295055189058,8.157651810493679,8.131711760097868,0.0031899864580908766,1 2 7 8 9 11 12 21,0 4 5 6 9 12 14 22
0.1,0.05,-6.0,1.0,0.11591188175799978,5.213187861940282,5.225234844464705,-0.0023055389629395018,3 6 7 12 13 15 19 23,0 1 5 10 17 19 20 21
0.1,0.05,-4.8,1.0,0.15483591303559774,4.692749740903604,4.671713194526313,0.004502961868879218,5 7 8 9 12 13 16 20,2 6 10 13 15 16 19 23
0.1,0.05,-3.6,1.0,0.20749595252273642,4.251597541611489,3.9847253398441507,0.06697380095406436,2 3 5 6 8 9 18 21,1 2 4 5 8 9 11 14
0.1,0.05,-2.4000000000000004,1.0,0.2617710303814157,3.7919168662352347,3.276082876817728,0.15745449941686762,5 6 10 11 12 15 16 21,1 2 4 7 12 17 20 23
0.1,0.05,-1.2000000000000002,1.0,0.27736941224306577,3.5581639797149434,3.5789414178078123,-0.005805470296184834,3 4 6 9 11 12 13 14,1 7 8 14 17 18 19 20
0.1,0.05,0.0,1.0,0.20359621364363886,0.8008758350539794,0.9515604458425024,-0.15835526943862022,0 1 10 11 12 13 14 23,0 1 2 3 4 5 6 7
0.1,0.05,1.1999999999999993,1.0,0.09980725622016617,5.144254344018275,5.126502520720479,0.003462755207092272,1 3 6 8 11 12 13 14,3 5 8 10 14 16 17 19
0.1,0.05,2.4000000000000004,1.0,0.043560788667264885,6.075969223197368,5.878847124706096,0.033530740689421634,2 6 7 8 11 17 19 20,1 4 5 14 19 20 22 23
0.1,0.05,3.5999999999999996,1.0,0.020527944523946694,6.629242414209762,6.484953892382599,0.022249737503399647,1 4 14 15 16 17 19 22,1 5 6 13 14 16 17 23
0.1,0.05,4.799999999999999,1.0,0.010938059429183205,6.900453067056612,6.922906804302601,-0.0032433973012655493,3 7 9 10 11 18 19 20,0 3 5 8 11 13 14 16
0.1,0.05,6.0,1.0,0.006627531748288826,7.003447208011739,6.988652443450364,0.0021169695704699176,1 6 8 12 13 15 22 23,1 2 3 5 6 12 13 17
0.1,0.05,-6.0,2.0,0.10613402906519571,5.313932117965945,5.127043505344684,0.03645153633403719,2 4 11 13 14 15 22 23,2 8 12 13 14 15 21 23
0.1,0.05,-4.8,2.0,0.13670956462006836,4.966044569553499,4.840456426891612,0.025945516617848163,9 10 13 14 16 17 19 22,2 5 6 15 16 19 22 23
0.1,0.05,-3.6,2.0,0.1747600495568658,3.8811590977689865,3.47863904237223,0.11571193518320921,4 9 12 13 16 17 19 20,1 5 6 8 17 20 22 23
0.1,0.05,-2.4000000000000004,2.0,0.20876900336945914,4.302816297126455,3.505109774795418,0.22758389139969126,4 5 13 16 17 20 21 22,15 16 17 18 19 20 21 22
0.1,0.05,-1.2000000000000002,2.0,0.21036493015078478,4.232858237617072,3.996442703208911,0.059156492902633806,2 3 5 8 12 15 18 19,4 8 9 10 16 19 20 21
0.1,0.05,0.0,2.0,0.15671493396993436,1.0075809051285998,1.1584130393186398,-0.13020583252304996,0 1 10 11 12 13 14 23,0 1 2 3 4 5 6 7
0.1,0.05,1.1999999999999993,2.0,0.08695556680432232,5.469357380703195,5.31753762512256,0.028550762831158316,5 11 12 13 14 15 16 22,0 1 7 10 11 13 21 22
0.1,0.05,2.4000000000000004,2.0,0.0414446880301798,6.206672339584699,6.289576663074839,-0.01318122473597605,2 3 10 14 16 17 18 22,1 4 5 8 15 16 19 20
0.1,0.05,3.5999999999999996,2.0,0.02026998619907165,6.3234162490404815,6.285463407788637,0.006038193016097315,1 4 6 9 10 13 15 20,0 1 4 7 8 9 13 22
0.1,0.05,4.799999999999999,2.0,0.011262713975096674,6.859931141778144,6.75283889001183,0.015858848924222846,2 9 10 12 13 17 18 21,0 1 3 4 5 8 9 22
0.1,0.05,6.0,2.0,0.006778977551511125,6.993596194065464,6.985233167962225,0.001197243657033109,1 4 7 8 9 10 13 17,2 6 9 10 11 12 15 18
0.1,0.05,-6.0,4.0,0.07922743733034084,5.654382763576692,5.236350590150749,0.07983273201993679,2 3 7 8 10 11 12 13,1 5 9 10 13 19 22 23
0.1,0.05,-4.8,4.0,0.0932636061191897,5.385639838518919,5.097945283106746,0.05643343336098883,5 7 12 13 14 18 19 23,0 1 11 12 18 19 21 22
0.1,0.05,-3.6,4.0,0.10672375204598636,5.304731335201615,4.62386750946932,0.14724985617298492,1 2 8 9 12 13 14 15,0 3 7 11 16 18 19 20
0.1,0.05,-2.4000000000000004,4.0,0.1125185497231327,5.127180347923019,5.141775101417986,-0.002838465939698831,6 7 8 10 14 15 22 23,6 10 14 15 16 17 18 22
0.1,0.05,-1.2000000000000002,4.0,0.1046044692429459,5.215854019307654,5.192686775564528,0.004461513806714779,1 3 9 14 17 18 19 23,5 7 8 15 18 19 22 23
0.1,0.05,0.0,4.0,0.08159683576251382,1.7166805859742982,1.8664428998030225,-0.08023942968977493,0 1 10 11 12 13 14 23,0 1 2 3 4 5 6 7
0.1,0.05,1.1999999999999993,4.0,0.05466759199636174,5.9610367249138765,5.310514597969005,0.12249700381082884,4 7 13 14 16 17 19 22,1 4 5 8 9 12 16 19
0.1,0.05,2.4000000000000004,4.0,0.03271941960405379,6.26698303756432,6.2342667495509785,0.0052478165159837165,0 9 13 14 15 17 18 22,0 1 5 6 7 9 11 19
0.1,0.05,3.5999999999999996,4.0,0.019062854197555334,6.6811447384425575,6.592184060172798,0.013494871723503943,3 6 9 12 14 17 18 20,0 2 6 13 14 15 19 23
0.1,0.05,4.799999999999999,4.0,0.011445223254807584,6.877292862775829,6.782685298043476,0.013948393678185678,3 4 8 9 14 15 17 18,2 3 6 7 11 14 18 21
0.1,0.05,6.0,4.0,0.007300310412447129,6.99074998747424,7.0034606409804425,-0.001814910393274194,0 4 5 12 13 16 22 23,0 4 5 6 9 12 14 22
0.1,0.08,-6.0,1.0,0.29589990937340166,2.770326082682086,2.6947734479270196,0.028036729697328067,3 7 10 14 17 18 19 23,5 6 7 8 9 10 11 22
0.1,0.08,-4.8,1.0,0.39665218945121017,2.359632786649466,2.123844875098802,0.11101936601640694,1 7 10 11 12 13 16 17,5 7 8 10 11 14 16 20
0.1,0.08,-3.6,1.0,0.5314031037526094,1.9680697700691436,2.1497603054522045,-0.08451664816875581,2 3 5 6 10 11 16 17,1 2 5 6 8 9 15 22
0.1,0.08,-2.4000000000000004,1.0,0.6722301363919965,1.6590771426880393,1.5748622744025502,0.05347443370401228,2 3 4 6 9 12 17 20,2 5 6 7 13 15 16 22
0.1,0.08,-1.2000000000000002,1.0,0.7117082882817318,1.5727928429504165,1.4177093414703261,0.10939019511520698,4 9 10 12 14 15 19 21,0 1 2 3 6 8 9 11
0.1,0.08,0.0,1.0,0.5212063069277155,0.5626138532926757,0.8922521844361575,-0.3694452497774391,0 1 10 11 12 13 14 23,0 1 2 3 4 5 6 7
0.1,0.08,1.1999999999999993,1.0,0.2555063111462858,2.591655553559506,2.5335096542496167,0.022950731295757087,3 4 5 6 9 11 14 16,1 2 3 4 11 12 13 14
0.1,0.08,2.4000000000000004,1.0,0.11214943818341166,3.5617358537965815,3.5042406668641246,0.01640731684787733,3 7 8 11 16 17 18 19,3 6 8 9 11 14 17 19
0.1,0.08,3.5999999999999996,1.0,0.05165295987049307,4.189113360179976,4.1300848163323165,0.014292332112462391,1 4 5 6 10 13 17 20,0 1 5 8 10 13 17 18
0.1,0.08,4.799999999999999,1.0,0.0281823546012491,4.534195455559825,4.446881158101717,0.01963495185812003,7 8 10 12 16 18 20 21,0 1 2 3 8 11 12 16
0.1,0.08,6.0,1.0,0.016894406222304523,4.681968574223816,4.643141999969731,0.008362133713407438,4 5 6 10 12 13 16 22,2 3 6 8 9 10 15 22
0.1,0.08,-6.0,2.0,0.273690176673604,2.830186413743179,2.911858105281522,-0.02804796407840293,1 2 3 7 8 12 13 21,0 1 3 4 5 6 7 17
0.1,0.08,-4.8,2.0,0.3507473734861467,2.4998213548814876,2.52846046393876,-0.011326698386519007,5 8 9 13 16 17 20 21,0 1 4 6 7 10 12 20
0.1,0.08,-3.6,2.0,0.4469200649781306,1.8736302160607496,1.6673667282462263,0.12370613154280452,8 10 11 13 15 18 20 21,0 7 8 9 20 21 22 23
0.1,0.08,-2.4000000000000004,2.0,0.5358844153355998,1.9051221406309051,1.851697635914539,0.02885163521310008,3 4 8 9 11 12 18 23,0 1 3 4 8 20 22 23
0.1,0.08,-1.2000000000000002,2.0,0.5391322362456813,1.832918106556077,1.8269643467148917,0.003258826507419599,6 7 9 10 12 13 14 21,0 1 2 5 17 20 21 22
0.1,0.08,0.0,2.0,0.401190230963032,0.7078244495975053,1.0585132015628005,-0.331303144304232,0 1 10 11 12 13 14 23,0 1 2 3 4 5 6 7
0.1,0.08,1.1999999999999993,2.0,0.222139934334165,2.829055821082932,2.7815151275638863,0.017091653770973103,0 8 9 12 15 19 20 21,0 1 2 3 4 6 9 21
0.1,0.08,2.4000000000000004,2.0,0.10755789502716717,3.7107860547819653,3.034609480698197,0.22282161127638567,4 8 16 17 18 20 21 22,0 1 2 3 4 5 6 7
0.1,0.08,3.5999999999999996,2.0,0.05237032031410037,3.7827400475457043,3.69081347166359,0.02490686039483858,3 4 9 10 12 17 19 22,1 2 3 4 5 6 16 23
0.1,0.08,4.799999999999999,2.0,0.02885798371295506,4.53037062310223,4.4494941429680335,0.018176556151223044,2 7 10 12 14 17 20 22,0 1 4 5 6 8 9 14
0.1,0.08,6.0,2.0,0.01740892514957508,4.725986266091778,4.675964114933491,0.010697719214425305,2 4 6 10 12 13 15 16,0 2 4 5 6 8 9 13
0.1,0.08,-6.0,4.0,0.20153489945019631,3.150159146304061,3.05410442421659,0.03145102745205253,6 7 11 12 16 17 20 23,0 3 4 8 9 10 17 20
0.1,0.08,-4.8,4.0,0.23872895282796128,2.9316101607800444,2.66084457846625,0.10175926264354285,4 7 8 9 19 20 22 23,3 4 13 14 18 19 21 22
0.1,0.08,-3.6,4.0,0.2727006117717812,2.7967724409398844,3.033343258941019,-0.07799012436321662,2 6 10 12 13 14 20 21,1 2 4 5 7 8 10 11
0.1,0.08,-2.4000000000000004,4.0,0.2880442049762472,2.67002229487519,2.392947171274638,0.11578823257220683,2 6 7 12 15 17 20 21,0 2 3 4 5 7 11 19
0.1,0.08,-1.2000000000000002,4.0,0.26677887006869117,2.67484037499318,2.534860732744297,0.05522182755079341,0 3 6 9 11 13 14 16,1 3 5 6 11 16 20 21
0.1,0.08,0.0,4.0,0.20888789955203538,1.2059679199107836,1.5985200967923094,-0.24557225002628724,0 1 10 11 12 13 14 23,0 1 2 3 4 5 6 7
0.1,0.08,1.1999999999999993,4.0,0.13892523534041937,3.356078462191966,3.1645909605606195,0.06050940043051378,0 3 9 11 14 17 18 20,1 2 5 6 7 9 22 23
0.1,0.08,2.4000000000000004,4.0,0.08386616442137798,3.879321719523968,3.6819563842558862,0.053603387620782206,3 8 10 11 18 19 20 22,0 2 6 8 11 14 22 23
0.1,0.08,3.5999999999999996,4.0,0.04896055937979007,4.283284623366295,4.080728155899168,0.049637334252297105,4 7 10 13 15 18 19 21,1 2 4 5 7 8 16 20
0.1,0.08,4.799999999999999,4.0,0.029473627221534363,4.523028252108956,4.18493400161911,0.08078843067992003,7 8 12 13 14 15 17 18,0 3 5 8 12 13 20 21
0.1,0.08,6.0,4.0,0.01860819379138636,4.677530670123283,4.590117077554805,0.019043869925654322,2 4 5 7 13 14 16 21,0 1 3 4 9 10 12 13
