eps_norm,eps_m,a_ideal,ideal_norm,wc_norm,split_norm,common_bias_norm,lb_full_norm,lb_simpl_norm,mc_mean,mc_p05,mc_p50,mc_p95,method_used,warning_reorder,xi_max,xi_mean
0.0,0.0,1.7775019958883778,1.0,1.0,1.0,1.0,1.0,1.0,1.0,1.0,1.0,1.0,enum,0,1.4597026159992839,1.44
0.005,5.3571428571428575e-05,1.7775019958883778,1.0,0.9979544071983075,0.9979544071983075,0.9999998465889616,0.9979542857283042,0.9978985257935283,0.9993653955294558,0.9991014211275235,0.9993710700804338,0.9996125121940649,enum,0,1.4597026159992839,1.44
0.01,0.00010714285714285715,1.7775019958883778,1.0,0.9918351388514909,0.9918351567534371,0.9999993863559575,0.9918346738527601,0.9916117679494753,0.9974267162806312,0.9964849452180475,0.9974337859520019,0.9983739624515823,enum,0,1.4597026159992839,1.44
0.015,0.0001607142857142857,1.7775019958883778,1.0,0.9816920817674626,0.9816923113132715,0.9999986193013207,0.9816912358981048,0.9811925723056472,0.9942054746007761,0.9918390463526492,0.9942730390665102,0.9963802244078227,enum,0,1.4597026159992839,1.44
0.02,0.0002142857142857143,1.7775019958883778,1.0,0.967608181285365,0.9676088501380881,0.9999975454256044,0.9676069657169475,0.966728521545635,0.9898133981317181,0.9858368660210771,0.989875303447292,0.993720319628493,enum,0,1.4597026159992839,1.44
0.025,0.00026785714285714287,1.7775019958883778,1.0,0.9496986670987733,0.949699990202482,0.9999961647295873,0.9496971002915064,0.9483411989878116,0.9841455041892893,0.9776313398363227,0.9843654194567203,0.9898140671484248,enum,0,1.4597026159992839,1.44
0.03,0.0003214285714285714,1.7775019958883778,1.0,0.928110072657809,0.9281122435537629,0.9999944772142657,0.9281081766785191,0.9261851665685024,0.977303205014822,0.967513093844058,0.9775088375570058,0.9859682035723993,enum,0,1.4597026159992839,1.44
0.035,0.00037500000000000006,1.7775019958883778,1.0,0.9030190333098539,0.9030222186400881,0.9999924828808605,0.9030168328160861,0.9004466656102947,0.9688726226952613,0.9560319709442848,0.9689306177398355,0.9812381859042765,enum,0,1.4597026159992839,1.44
0.04,0.0004285714285714286,1.7775019958883778,1.0,0.8746308398571792,0.8746351754142803,0.9999901817308121,0.8746283620075704,0.8713420512966971,0.9594169850494981,0.943566278819907,0.9597352073212682,0.974959202245299,enum,0,1.4597026159992839,1.44
0.045,0.00048214285714285715,1.7775019958883778,1.0,0.8431777549007164,0.8431833460358419,0.9999875737657865,0.843175032913698,0.839115974012786,0.9496310872635874,0.9292342294004268,0.9498554386088066,0.968842386839147,enum,0,1.4597026159992839,1.44
0.05,0.0005357142857142857,1.7775019958883778,1.0,0.8089171201894141,0.8089240349102228,0.9999846589876681,0.8089141888031814,0.8040393228393136,0.9378229988636704,0.9131248444999284,0.9383687823281708,0.9618442598894198,enum,0,1.4597026159992839,1.44
0.055,0.0005892857142857143,1.7775019958883778,1.0,0.7721292467293009,0.7721375136093006,0.999981437398563,0.7721261416188043,0.7664069484870414,0.9251165305732769,0.8950736764948066,0.9252041458252234,0.9538099536430334,enum,0,1.4597026159992839,1.44
0.06,0.0006428571428571428,1.7775019958883778,1.0,0.7331151165474024,0.7331247278974281,0.9999779090008017,0.7331118780951692,0.726535184812088,0.9115775549418944,0.8772792505447493,0.9115151010522031,0.9441659744393571,enum,0,1.4597026159992839,1.44
0.065,0.0006964285714285715,1.7775019958883778,1.0,0.6921939293724746,0.6922048356208318,0.9999740737969351,0.6921905967024861,0.6847591897461709,0.8970126288849279,0.857483687642708,0.8990825625032658,0.933443363628351,enum,0,1.4597026159992839,1.44
0.07,0.0007500000000000001,1.7775019958883778,1.0,0.6497004828883323,0.6497125956064158,0.9999699317897346,0.6496970955752838,0.641430127993613,0.8802154749166025,0.8357541753864403,0.8796636222310539,0.924051430635308,enum,0,1.4597026159992839,1.44
0.075,0.0008035714285714286,1.7775019958883778,1.0,0.6059824311412343,0.6059956289308437,0.9999654829821961,0.6059790328043868,0.5969122191770692,0.8641158424125175,0.8119399432646711,0.8642651655480091,0.9132281920686279,enum,0,1.4597026159992839,1.44
0.08,0.0008571428571428572,1.7775019958883778,1.0,0.5613974528408657,0.5614115749675235,0.9999607273775356,0.5613940815149974,0.551579676244955,0.8482554310475161,0.7883666902401808,0.8513837112205271,0.9037053717665047,enum,0,1.4597026159992839,1.44
0.085,0.0009107142857142857,1.7775019958883778,1.0,0.5163103101991061,0.5163251654793206,0.9999556649791909,0.5163070030146543,0.5058135598760132,0.8309798769720909,0.7653848310500874,0.8318675534559296,0.8917606249542405,enum,0,1.4597026159992839,1.44
0.09,0.0009642857142857143,1.7775019958883778,1.0,0.47108986938329195,0.47110524069413245,0.9999502957908206,0.4710866619651836,0.45999857532256244,0.8102988657626806,0.7395406149816434,0.8095709151013041,0.8790286041777242,enum,0,1.4597026159992839,1.44
0.095,0.0010178571428571428,1.7775019958883778,1.0,0.426106080309375,0.42612173177761464,0.99994461981631,0.4261030080070376,0.41451983861783875,0.7917539041427812,0.716042529726646,0.792423471198823,0.8678033837882296,enum,0,1.4597026159992839,1.44
0.1,0.0010714285714285715,1.7775019958883778,1.0,0.38172695258508765,0.3817426343883311,0.9999386370597577,0.3817240485387187,0.3697596393303535,0.7703563920716583,0.6876342853997857,0.7700776920556215,0.8493709497555441,enum,0,1.4597026159992839,1.44
0.105,0.001125,1.7775019958883778,1.0,0.3383155447419001,0.3383309980783806,0.9999323475254935,0.3383128374261176,0.32609422707722374,0.7518424432793259,0.6622755506162777,0.7510683096378766,0.844376028439498,enum,0,1.4597026159992839,1.44
0.11,0.0011785714285714286,1.7775019958883778,1.0,0.2962269884555119,0.29624195616744625,0.9999257512180614,0.2962245042859021,0.28389064880870873,0.7295059852145593,0.6350015485719429,0.7285275302841747,0.8240054571166868,enum,0,1.4597026159992839,1.44
0.115,0.0012321428571428572,1.7775019958883778,1.0,0.25580559190378616,0.25581982039259077,0.9999188481422315,0.2558033486547231,0.2435036634494171,0.7031863423101385,0.5972764923229533,0.7060956477374225,0.807508302486064,enum,0,1.4597026159992839,1.44
0.12,0.0012857142857142856,1.7775019958883778,1.0,0.21738201233969787,0.21739526410027785,0.9999116383029932,0.21738002282461,0.20527275983138757,0.6858593254636756,0.5760023241914201,0.6852824523192477,0.7962174670255737,enum,0,1.4597026159992839,1.44
0.125,0.0013392857142857143,1.7775019958883778,1.0,0.18127055469532308,0.1812826170286154,0.9999041217055628,0.18126882639891118,0.16951930298599366,0.6641761953806232,0.5435861018801497,0.6667476476044221,0.7801701332772866,enum,0,1.4597026159992839,1.44
0.13,0.001392857142857143,1.7775019958883778,1.0,0.14776659862385555,0.14777729380894053,0.9998962983553685,0.14776513470842362,0.1365438327826464,0.6420186398732977,0.513081370865029,0.6425938330902321,0.7708327325433216,enum,0,1.4597026159992839,1.44
0.135,0.0014464285714285716,1.7775019958883778,1.0,0.11714418414767143,0.11715337722670834,0.9998881682580697,0.11714298213142867,0.10662353762166055,0.6161043549887047,0.49006288788872787,0.6139007909349216,0.7419496749218121,enum,0,1.4597026159992839,1.44
0.14,0.0015000000000000002,1.7775019958883778,1.0,0.08965377110632441,0.08966137601195147,0.9998797314195431,0.08965282009320813,0.08000992441715914,0.5914143760613569,0.4609243456288387,0.5913991909131082,0.7273398538608653,enum,0,1.4597026159992839,1.44
0.145,0.0015535714285714285,1.7775019958883778,1.0,0.06552018523710224,0.06552617550327462,0.9998709878458886,0.06551946809061564,0.05692670445590364,0.5682564782654093,0.43130043150201436,0.5696753312124816,0.7067809413578467,enum,0,1.4597026159992839,1.44
0.15,0.0016071428571428571,1.7775019958883778,1.0,0.044940779332774836,0.04494519795113915,0.9998619375434274,0.04494027450714339,0.03756791290329723,0.54712539832391,0.40469795089989996,0.5497869899415768,0.6962905157923057,enum,0,1.4597026159992839,1.44
0.155,0.0016607142857142858,1.7775019958883778,1.0,0.028083824471345834,0.02808678751035964,0.9998525805187006,0.02808350226659176,0.02209627776380509,0.5276734703655591,0.3784198333671324,0.5288967263820601,0.6856596834996562,enum,0,1.4597026159992839,1.44
0.16,0.0017142857142857144,1.7775019958883778,1.0,0.015087128314895707,0.015088833134005967,0.9998429167784757,0.015086952532965844,0.010641852006137506,0.5034367190272405,0.34655410114358726,0.5010547808375161,0.67469530669019,enum,0,1.4597026159992839,1.44
0.165,0.001767857142857143,1.7775019958883778,1.0,0.006056907843942717,0.006057640633926393,0.9998329463297375,0.0060568377156800714,0.00330092035141332,0.4781749764301013,0.32066700667128867,0.47368436639752853,0.6407483169237895,enum,0,1.4597026159992839,1.44
0.17,0.0018214285714285715,1.7775019958883778,1.0,0.0010669235561539838,0.0010670631351305518,0.9998226691796912,0.00106691299847553,0.00013518991372796116,0.4533700544816824,0.2985705413345587,0.45219168125945386,0.6155616960317354,enum,0,1.4597026159992839,1.44
0.17500000000000002,0.0018750000000000001,1.7775019958883778,1.0,1.8775144347670625e-17,0.0001578970366060162,0.9998120853357709,0.00015787349437215145,0.0011712714965191823,0.4410031224834762,0.2732406630512448,0.4392608586605423,0.6171843513843278,enum+local,0,1.4597026159992839,1.44
0.18,0.0019285714285714286,1.7775019958883778,1.0,3.738363888108676e-18,0.0033375484191249956,0.9998011948056241,0.003337021954800214,0.006400455904898839,0.41388061901065215,0.25608592731320995,0.4112582791257149,0.5926444565424416,enum+local,0,1.4597026159992839,1.44
0.185,0.0019821428571428572,1.7775019958883778,1.0,3.738363888108676e-18,0.01057997262801563,0.9997899975971268,0.010578209746586267,0.015778787154246562,0.39794658643156844,0.22521981698795904,0.3987642367517591,0.5729557398726246,enum+local,0,1.4597026159992839,1.44
0.19,0.0020357142857142857,1.7775019958883778,1.0,3.738363888108676e-18,0.02182588752366109,0.9997784937183746,0.02182205157383507,0.029227431959681333,0.37256389345059565,0.20712224181542732,0.36486583900059133,0.5631668938264504,enum+local,0,1.4597026159992839,1.44
0.195,0.0020892857142857145,1.7775019958883778,1.0,3.738363888108676e-18,0.03698325865381473,0.9997666831776789,0.03697641218125983,0.046633342400520784,0.3574822482808295,0.19152984175873147,0.3494627796645,0.5496809199993254,enum+local,0,1.4597026159992839,1.44
0.2,0.002142857142857143,1.7775019958883778,1.0,3.738363888108676e-18,0.055928052376413066,0.9997545659835839,0.055917161049506725,0.06785020618943842,0.33500192084775926,0.17634470232185673,0.3253545882812584,0.5281580383513318,enum+local,0,1.4597026159992839,1.44
