placement,eps_norm,eps_m,nominal_abs,box_norm,box_abs,iid_mean_norm,iid_mean_abs,method_used,warning_reorder
aligned_constructive,0.0,0.0,1.7011573695217739,1.0,1.7011573695217739,1.0,1.7011573695217739,enum,0
aligned_constructive,0.005,5.3571428571428575e-05,1.7011573695217739,0.9831284704205018,1.6724562426425058,0.999397300104169,1.700132082152371,enum,0
aligned_constructive,0.01,0.00010714285714285715,1.7011573695217739,0.9630759081723327,1.6383436785962389,0.9971945577720315,1.6963848708008977,enum,0
aligned_constructive,0.015,0.0001607142857142857,1.7011573695217739,0.9396790175000648,1.5985418856052152,0.9941437447059904,1.6911949576705685,enum,0
aligned_constructive,0.02,0.0002142857142857143,1.7011573695217739,0.9129572600244777,1.5530839709490467,0.9901272683382389,1.684362299298058,enum,0
aligned_constructive,0.025,0.00026785714285714287,1.7011573695217739,0.883269032791626,1.502579624403844,0.9843676044062808,1.6745642045542388,enum,0
aligned_constructive,0.03,0.0003214285714285714,1.7011573695217739,0.8508562086485716,1.4474403097458737,0.9773987875854583,1.6627091504626492,enum,0
aligned_constructive,0.035,0.00037500000000000006,1.7011573695217739,0.8159828788998061,1.3881152878439984,0.9699239114461683,1.6499932098320336,enum,0
aligned_constructive,0.04,0.0004285714285714286,1.7011573695217739,0.7789332018534668,1.3250879566982166,0.9595904084934895,1.6324142951311091,enum,0
aligned_constructive,0.045,0.00048214285714285715,1.7011573695217739,0.7395197760956704,1.2580395170122418,0.949606869549009,1.6154307242817985,enum,0
aligned_constructive,0.05,0.0005357142857142857,1.7011573695217739,0.6977828334581041,1.1870384094630384,0.9375323844907874,1.5948901250418241,enum,0
aligned_constructive,0.055,0.0005892857142857143,1.7011573695217739,0.6546038872881778,1.1135842269778842,0.9238977926292296,1.5716955386161136,enum,0
aligned_constructive,0.06,0.0006428571428571428,1.7011573695217739,0.6103355330812799,1.0382767899822196,0.9129161802470473,1.5530140877829326,enum,0
aligned_constructive,0.065,0.0006964285714285715,1.7011573695217739,0.5653392848768838,0.9617310907484804,0.8971730263209979,1.526232505462118,enum,0
aligned_constructive,0.07,0.0007500000000000001,1.7011573695217739,0.5199826236913893,0.8845722723158742,0.8798121494652393,1.4966989218575844,enum,0
aligned_constructive,0.075,0.0008035714285714286,1.7011573695217739,0.4746359970317025,0.8074305241907955,0.8626644125443875,1.4675279228240565,enum,0
aligned_constructive,0.08,0.0008571428571428572,1.7011573695217739,0.42966979399091965,0.7309359365085554,0.8464676702317473,1.4399747152766635,enum,0
aligned_constructive,0.085,0.0009107142857142857,1.7011573695217739,0.38545132062604404,0.6557133546748949,0.8338361192202597,1.4184864591849813,enum,0
aligned_constructive,0.09,0.0009642857142857143,1.7011573695217739,0.3423418003183028,0.5823772765068324,0.8131363893243462,1.3832729611254377,enum,0
aligned_constructive,0.095,0.0010178571428571428,1.7011573695217739,0.3006934236141014,0.5115268335478612,0.7923612327214555,1.3479311503674614,enum,0
aligned_constructive,0.1,0.0010714285714285715,1.7011573695217739,0.2607089955353861,0.4435070290556413,0.7709478362610073,1.3115035931722783,enum,0
aligned_constructive,0.105,0.001125,1.7011573695217739,0.22156011209282447,0.37690861747877863,0.7536177509107713,1.2820223907642831,enum,0
aligned_constructive,0.11,0.0011785714285714286,1.7011573695217739,0.18476674893837433,0.3143173165990949,0.7279049208085603,1.2382808203446456,enum,0
aligned_constructive,0.115,0.0012321428571428572,1.7011573695217739,0.1506302666947744,0.25624578826084565,0.7046318908611633,1.1986897339385303,enum,0
aligned_constructive,0.12,0.0012857142857142856,1.7011573695217739,0.11943031127600677,0.20316975417145833,0.6863906643336158,1.167658537002077,enum,0
aligned_constructive,0.125,0.0013392857142857143,1.7011573695217739,0.09142252423887356,0.15552410084924276,0.6654510326916759,1.1320369283193195,enum,0
aligned_constructive,0.13,0.001392857142857143,1.7011573695217739,0.06683644935975672,0.11369931838101899,0.6450126369930331,1.097268000855371,enum,0
aligned_constructive,0.135,0.0014464285714285716,1.7011573695217739,0.045873652579976006,0.07803830215330772,0.6140994377830898,1.0446797842038813,enum,0
aligned_constructive,0.14,0.0015000000000000002,1.7011573695217739,0.02870607071861598,0.04883354375298678,0.5926251659585586,1.0081486684344663,enum,0
aligned_constructive,0.145,0.0015535714285714285,1.7011573695217739,0.01547460248084877,0.02632473405071581,0.5702646617144506,0.9701099318533789,enum,0
aligned_constructive,0.15,0.0016071428571428571,1.7011573695217739,0.006287953308737016,0.010696798110366796,0.5471010148483669,0.9307049232821408,enum,0
uniform_aperture,0.0,0.0,1.682490515979532,1.0,1.682490515979532,1.0,1.682490515979532,enum,0
uniform_aperture,0.005,5.3571428571428575e-05,1.682490515979532,0.9803177546656828,1.649375324871361,0.9993058536486922,1.681322621326755,enum,0
uniform_aperture,0.01,0.00010714285714285715,1.682490515979532,0.9571736549466971,1.610435596593283,0.9975476066627349,1.6783643874481322,enum,0
uniform_aperture,0.015,0.0001607142857142857,1.682490515979532,0.9307562232585714,1.5659885183214743,0.9943797258850435,1.6730344580839125,enum,0
uniform_aperture,0.02,0.0002142857142857143,1.682490515979532,0.901280667898801,1.516396175975431,0.9901883908559012,1.6659825766480876,enum,0
uniform_aperture,0.025,0.00026785714285714287,1.682490515979532,0.8689871299247542,1.4620626046066725,0.9841746155132487,1.6558644566688434,enum,0
uniform_aperture,0.03,0.0003214285714285714,1.682490515979532,0.8339507360669499,1.403114204226793,0.9770648146345643,1.643902284119954,enum,0
uniform_aperture,0.035,0.00037500000000000006,1.682490515979532,0.7959772542305261,1.339224181178289,0.9703047915172222,1.6325286093372233,enum,0
uniform_aperture,0.04,0.0004285714285714286,1.682490515979532,0.7558138852186121,1.2716496937259576,0.9611839941384752,1.6171829542493106,enum,0
uniform_aperture,0.045,0.00048214285714285715,1.682490515979532,0.7137885494887236,1.2009424649295644,0.9487546419076814,1.596270687001231,enum,0
uniform_aperture,0.05,0.0005357142857142857,1.682490515979532,0.6702443909637226,1.1276798311849408,0.9392032783077172,1.5802006083296192,enum,0
uniform_aperture,0.055,0.0005892857142857143,1.682490515979532,0.6255369758267699,1.0524600292230581,0.9241544405259119,1.5548810814852172,enum,0
uniform_aperture,0.06,0.0006428571428571428,1.682490515979532,0.5800313897107292,0.9758973121587298,0.9144920121071091,1.5386241373092504,enum,0
uniform_aperture,0.065,0.0006964285714285715,1.682490515979532,0.5340992569794478,0.8986169344596359,0.8979196925238143,1.510741366782575,enum,0
uniform_aperture,0.07,0.0007500000000000001,1.682490515979532,0.4881157064404305,0.8212500467866737,0.8797486069124435,1.4801686875763915,enum,0
uniform_aperture,0.075,0.0008035714285714286,1.682490515979532,0.44245630826128646,0.7444285423849307,0.8688363087869466,1.4618088494727017,enum,0
uniform_aperture,0.08,0.0008571428571428572,1.682490515979532,0.39749400710531124,0.6687798971133869,0.8473259417977003,1.4256178610180557,enum,0
uniform_aperture,0.085,0.0009107142857142857,1.682490515979532,0.3535960765273424,0.5949220452448264,0.8279215788489924,1.3929702043882302,enum,0
uniform_aperture,0.09,0.0009642857142857143,1.682490515979532,0.3111211195062388,0.5234583328901813,0.8109438726463212,1.364405374719149,enum,0
uniform_aperture,0.095,0.0010178571428571428,1.682490515979532,0.27041613960700916,0.45497259025659004,0.7926555399851416,1.3336354284636354,enum,0
uniform_aperture,0.1,0.0010714285714285715,1.682490515979532,0.23095116169668353,0.3885731392091254,0.7725488556392743,1.2998061227439197,enum,0
uniform_aperture,0.105,0.001125,1.682490515979532,0.19328593249660034,0.3252017482977901,0.7470593522817991,1.2569202750879391,enum,0
uniform_aperture,0.11,0.0011785714285714286,1.682490515979532,0.15825628330686137,0.2662646957579642,0.7317967472943369,1.231241086947392,enum,0
uniform_aperture,0.115,0.0012321428571428572,1.682490515979532,0.12614916356519396,0.21224477129718955,0.701808752088736,1.180786569420729,enum,0
uniform_aperture,0.12,0.0012857142857142856,1.682490515979532,0.09722763391360725,0.1635845719507741,0.6852624037212451,1.152947495218332,enum,0
uniform_aperture,0.125,0.0013392857142857143,1.682490515979532,0.07172871211516049,0.12068287785718369,0.6702967075661606,1.127767853372371,enum,0
uniform_aperture,0.13,0.001392857142857143,1.682490515979532,0.04986143188090615,0.08389138625278408,0.6415206290122741,1.079352374118375,enum,0
uniform_aperture,0.135,0.0014464285714285716,1.682490515979532,0.03180513050614484,0.05351183043607999,0.6159545474816814,1.0363376844123933,enum,0
uniform_aperture,0.14,0.0015000000000000002,1.682490515979532,0.01770797934322388,0.02979350730213564,0.5977727955367529,1.0057470592011586,enum,0
uniform_aperture,0.145,0.0015535714285714285,1.682490515979532,0.0076857691532432925,0.012931233708339878,0.5734683710675249,0.9648550955353418,enum,0
uniform_aperture,0.15,0.0016071428571428571,1.682490515979532,0.0018209602939627558,0.0030637484245676374,0.5516279122788664,0.928108730758782,enum,0
nominal_opt_same_aperture,0.0,0.0,1.729944642938154,1.0,1.729944642938154,1.0,1.729944642938154,enum,0
nominal_opt_same_aperture,0.005,5.3571428571428575e-05,1.729944642938154,0.9877986466426745,1.7088369770610532,0.9993621767156112,1.7288412439641845,enum,0
nominal_opt_same_aperture,0.01,0.00010714285714285715,1.729944642938154,0.971733030929067,1.681044351221795,0.9974522800197144,1.7255372284065524,enum,0
nominal_opt_same_aperture,0.015,0.0001607142857142857,1.729944642938154,0.9519344005060765,1.6467938165840301,0.9945783545525372,1.7205654964404056,enum,0
nominal_opt_same_aperture,0.02,0.0002142857142857143,1.729944642938154,0.9285645471181092,1.606365263909266,0.9904678144464235,1.7134544896042518,enum,0
nominal_opt_same_aperture,0.025,0.00026785714285714287,1.729944642938154,0.9018144850606321,1.5600891373546704,0.9841573626708723,1.7025377573606175,enum,0
nominal_opt_same_aperture,0.03,0.0003214285714285714,1.729944642938154,0.8719028904646121,1.5083437345215478,0.9769987375743673,1.690153732224116,enum,0
nominal_opt_same_aperture,0.035,0.00037500000000000006,1.729944642938154,0.8390743141683321,1.4515521148225117,0.9697689208396044,1.6776465494943884,enum,0
nominal_opt_same_aperture,0.04,0.0004285714285714286,1.729944642938154,0.8035971827823477,1.390178641434515,0.9597787182505827,1.6603640520436433,enum,0
nominal_opt_same_aperture,0.045,0.00048214285714285715,1.729944642938154,0.7657616042901529,1.3247251851094766,0.9495579131355605,1.642682624988396,enum,0
nominal_opt_same_aperture,0.05,0.0005357142857142857,1.729944642938154,0.7258769961272609,1.255727020882394,0.936922481637785,1.6208240279576072,enum,0
nominal_opt_same_aperture,0.055,0.0005892857142857143,1.729944642938154,0.684269555132387,1.1837484512269467,0.924921487024494,1.6000629716164145,enum,0
nominal_opt_same_aperture,0.06,0.0006428571428571428,1.729944642938154,0.6412795900650387,1.109378191458589,0.9121769057120951,1.5780155514485406,enum,0
nominal_opt_same_aperture,0.065,0.0006964285714285715,1.729944642938154,0.5969722711263425,1.0327289824176396,0.8956893405237226,1.5494929763758218,enum,0
nominal_opt_same_aperture,0.07,0.0007500000000000001,1.729944642938154,0.5516448136918628,0.9543149902508541,0.8829227993007842,1.5274075667783504,enum,0
nominal_opt_same_aperture,0.075,0.0008035714285714286,1.729944642938154,0.5059410013587716,0.8752499249433723,0.8658953897921797,1.497951090915826,enum,0
nominal_opt_same_aperture,0.08,0.0008571428571428572,1.729944642938154,0.46023492934770754,0.7961809505180865,0.8471168329242317,1.4654652270600097,enum,0
nominal_opt_same_aperture,0.085,0.0009107142857142857,1.729944642938154,0.4149007329103372,0.7177553002493516,0.8282034366889286,1.4327460985629805,enum,0
nominal_opt_same_aperture,0.09,0.0009642857142857143,1.729944642938154,0.3703095253395076,0.6406149795900518,0.811290552169743,1.403487744592384,enum,0
nominal_opt_same_aperture,0.095,0.0010178571428571428,1.729944642938154,0.32682636053247965,0.5653915115741369,0.7890962601283161,1.3650928479715125,enum,0
nominal_opt_same_aperture,0.1,0.0010714285714285715,1.729944642938154,0.2848072449665274,0.4927007676998185,0.7708819186088419,1.3335830454352522,enum,0
nominal_opt_same_aperture,0.105,0.001125,1.729944642938154,0.24459622355327154,0.4231379266188852,0.7488955250008963,1.295547801595657,enum,0
nominal_opt_same_aperture,0.11,0.0011785714285714286,1.729944642938154,0.20652256322595475,0.3572726018985966,0.7284405067889644,1.260161752418723,enum,0
nominal_opt_same_aperture,0.115,0.0012321428571428572,1.729944642938154,0.17089805731923566,0.2956441787479493,0.7066225443774672,1.2224178852251273,enum,0
nominal_opt_same_aperture,0.12,0.0012857142857142856,1.729944642938154,0.1380144728149825,0.23875739789421246,0.687203697649293,1.1888243553556854,enum,0
nominal_opt_same_aperture,0.125,0.0013392857142857143,1.729944642938154,0.10814116135405988,0.1870782227655664,0.6619403273826332,1.145120123300314,enum,0
nominal_opt_same_aperture,0.13,0.001392857142857143,1.729944642938154,0.08152285358163072,0.14103002383057356,0.647263059469326,1.1197292623007205,enum,0
nominal_opt_same_aperture,0.135,0.0014464285714285716,1.729944642938154,0.058377654886358675,0.10099011133794854,0.6166463610214449,1.0667640688363556,enum,0
nominal_opt_same_aperture,0.14,0.0015000000000000002,1.729944642938154,0.03889525895378579,0.067286644862794,0.5960167415945923,1.031075969223019,enum,0
nominal_opt_same_aperture,0.145,0.0015535714285714285,1.729944642938154,0.023235393764874556,0.04019594497010332,0.571768046257386,0.9891270686261795,enum,0
nominal_opt_same_aperture,0.15,0.0016071428571428571,1.729944642938154,0.01152651277470013,0.019940229026350686,0.5515411594094864,0.9541356740803395,enum,0
