f_c,eps_norm,eps_m,wc_norm,method_used,warning_reorder
6000000000.0,0.0,0.0,1.0,enum,0
6000000000.0,0.001,5e-05,0.9999164242550852,enum,0
6000000000.0,0.002,0.0001,0.9996691038495922,enum,0
6000000000.0,0.003,0.00015000000000000001,0.9992581200943653,enum,0
6000000000.0,0.004,0.0002,0.9986836079238939,enum,0
6000000000.0,0.005,0.00025,0.9979457558518794,enum,0
6000000000.0,0.006,0.00030000000000000003,0.9970448059092462,enum,0
6000000000.0,0.006999999999999999,0.00035,0.9959810535645865,enum,0
6000000000.0,0.008,0.0004,0.9947548476271061,enum,0
6000000000.0,0.009000000000000001,0.00045000000000000004,0.9933665250335125,enum,0
6000000000.0,0.01,0.0005,0.9918162864627988,enum,0
6000000000.0,0.011,0.00055,0.9901047950383802,enum,0
6000000000.0,0.012,0.0006000000000000001,0.9882326749236904,enum,0
6000000000.0,0.013000000000000001,0.0006500000000000001,0.9862004126178064,enum,0
6000000000.0,0.013999999999999999,0.0007,0.9840086657259717,enum,0
6000000000.0,0.015,0.00075,0.9816581640617253,enum,0
6000000000.0,0.016,0.0008,0.9791496993083859,enum,0
6000000000.0,0.017,0.0008500000000000001,0.9764841455450713,enum,0
6000000000.0,0.018000000000000002,0.0009000000000000001,0.9736623841112132,enum,0
6000000000.0,0.019,0.00095,0.9706853236978252,enum,0
6000000000.0,0.02,0.001,0.9675539019145556,enum,0
6000000000.0,0.021,0.0010500000000000002,0.9642691742871481,enum,0
6000000000.0,0.022,0.0011,0.9608321469870666,enum,0
6000000000.0,0.023,0.00115,0.9572440306212477,enum,0
6000000000.0,0.024,0.0012000000000000001,0.953505961160547,enum,0
6000000000.0,0.024999999999999998,0.00125,0.9496191933049578,enum,0
6000000000.0,0.026000000000000002,0.0013000000000000002,0.9455849828927558,enum,0
6000000000.0,0.027,0.00135,0.941404676244526,enum,0
6000000000.0,0.027999999999999997,0.0014,0.9370796198953603,enum,0
6000000000.0,0.029,0.0014500000000000001,0.9326112670243227,enum,0
6000000000.0,0.03,0.0015,0.9280010561105414,enum,0
6000000000.0,0.031000000000000003,0.0015500000000000002,0.9232505131899235,enum,0
6000000000.0,0.032,0.0016,0.9183612121610306,enum,0
6000000000.0,0.032999999999999995,0.00165,0.91333474239795,enum,0
6000000000.0,0.034,0.0017000000000000001,0.9081727438095907,enum,0
6000000000.0,0.034999999999999996,0.00175,0.9028769358836681,enum,0
6000000000.0,0.036000000000000004,0.0018000000000000002,0.8974490574616001,enum,0
6000000000.0,0.037,0.00185,0.891890890718823,enum,0
6000000000.0,0.038,0.0019,0.8862042605774972,enum,0
6000000000.0,0.039,0.0019500000000000001,0.8803910341050664,enum,0
6000000000.0,0.04,0.002,0.8744531198989253,enum,0
28000000000.0,0.0,0.0,1.0,enum,0
28000000000.0,0.004666666666666667,5e-05,0.9982178799781496,enum,0
28000000000.0,0.009333333333333334,0.0001,0.9928849542567315,enum,0
28000000000.0,0.014000000000000002,0.00015000000000000001,0.9840390861072738,enum,0
28000000000.0,0.018666666666666668,0.0002,0.971743273214034,enum,0
28000000000.0,0.023333333333333334,0.00025,0.9560851600897445,enum,0
28000000000.0,0.028000000000000004,0.00030000000000000003,0.937176354545414,enum,0
28000000000.0,0.03266666666666666,0.00035,0.9151516363769812,enum,0
28000000000.0,0.037333333333333336,0.0004,0.8901679995112257,enum,0
28000000000.0,0.042,0.00045000000000000004,0.8624035215116885,enum,0
28000000000.0,0.04666666666666667,0.0005,0.8320561033271245,enum,0
28000000000.0,0.051333333333333335,0.00055,0.7993420527024696,enum,0
28000000000.0,0.05600000000000001,0.0006000000000000001,0.7644945537704262,enum,0
28000000000.0,0.060666666666666674,0.0006500000000000001,0.7277619832083048,enum,0
28000000000.0,0.06533333333333333,0.0007,0.6894061646169924,enum,0
28000000000.0,0.07,0.00075,0.6497004828883323,enum,0
28000000000.0,0.07466666666666667,0.0008,0.6089279399013543,enum,0
28000000000.0,0.07933333333333334,0.0008500000000000001,0.5673791471449421,enum,0
28000000000.0,0.084,0.0009000000000000001,0.5253502411151176,enum,0
28000000000.0,0.08866666666666667,0.00095,0.48314077700919683,enum,0
28000000000.0,0.09333333333333334,0.001,0.44105159286328627,enum,0
28000000000.0,0.09800000000000002,0.0010500000000000002,0.39938266253901444,enum,0
28000000000.0,0.10266666666666667,0.0011,0.3584309671830709,enum,0
28000000000.0,0.10733333333333334,0.00115,0.318488363681114,enum,0
28000000000.0,0.11200000000000002,0.0012000000000000001,0.2798395185105095,enum,0
28000000000.0,0.11666666666666667,0.00125,0.24275986937662422,enum,0
28000000000.0,0.12133333333333335,0.0013000000000000002,0.20751366291307505,enum,0
28000000000.0,0.126,0.00135,0.17435207217062745,enum,0
28000000000.0,0.13066666666666665,0.0014,0.1435114045115061,enum,0
28000000000.0,0.13533333333333333,0.0014500000000000001,0.1152114215996536,enum,0
28000000000.0,0.14,0.0015,0.08965377110632441,enum,0
28000000000.0,0.1446666666666667,0.0015500000000000002,0.06702054731026605,enum,0
28000000000.0,0.14933333333333335,0.0016,0.04747299328028207,enum,0
28000000000.0,0.154,0.00165,0.031150356027529375,enum,0
28000000000.0,0.15866666666666668,0.0017000000000000001,0.018168891669095237,enum,0
28000000000.0,0.16333333333333333,0.00175,0.0086210332215143,enum,0
28000000000.0,0.168,0.0018000000000000002,0.0025747387004206802,enum,0
28000000000.0,0.17266666666666666,0.00185,7.300356634867121e-05,enum,0
28000000000.0,0.17733333333333334,0.0019,1.731387582792916e-17,enum+local,0
28000000000.0,0.18200000000000002,0.0019500000000000001,1.731387582792916e-17,enum+local,0
28000000000.0,0.18666666666666668,0.002,1.731387582792916e-17,enum+local,0
60000000000.0,0.0,0.0,1.0,enum,0
60000000000.0,0.01,5e-05,0.9918358658990658,enum,0
60000000000.0,0.02,0.0001,0.9676102866041311,enum,0
60000000000.0,0.030000000000000002,0.00015000000000000001,0.9281143212742918,enum,0
60000000000.0,0.04,0.0002,0.8746377800430057,enum,0
60000000000.0,0.05,0.00025,0.8089270292286179,enum,0
60000000000.0,0.060000000000000005,0.00030000000000000003,0.7331279612497069,enum,0
60000000000.0,0.06999999999999999,0.00035,0.6497159117771127,enum,0
60000000000.0,0.08,0.0004,0.5614148211405201,enum,0
60000000000.0,0.09000000000000001,0.00045000000000000004,0.47110827763933844,enum,0
60000000000.0,0.1,0.0005,0.3817453423282484,enum,0
60000000000.0,0.11,0.00055,0.2962442448487544,enum,0
60000000000.0,0.12000000000000001,0.0006000000000000001,0.21739707674863004,enum,0
60000000000.0,0.13,0.0006500000000000001,0.14777861414731935,enum,0
60000000000.0,0.13999999999999999,0.0007,0.08966222913888726,enum,0
60000000000.0,0.15,0.00075,0.04494565043476617,enum,0
60000000000.0,0.16,0.0008,0.015088992800171017,enum,0
60000000000.0,0.17,0.0008500000000000001,0.0010670747557226063,enum,0
60000000000.0,0.18000000000000002,0.0009000000000000001,3.75274781632027e-18,enum+local,0
60000000000.0,0.19,0.00095,3.75274781632027e-18,enum+local,0
60000000000.0,0.2,0.001,3.75274781632027e-18,enum+local,0
60000000000.0,0.21000000000000002,0.0010500000000000002,3.75274781632027e-18,enum+local,0
60000000000.0,0.22,0.0011,3.75274781632027e-18,enum+local,0
60000000000.0,0.22999999999999998,0.00115,3.75274781632027e-18,enum+local,0
60000000000.0,0.24000000000000002,0.0012000000000000001,3.75274781632027e-18,enum+local,0
60000000000.0,0.25,0.00125,3.75274781632027e-18,enum+local,0
60000000000.0,0.26,0.0013000000000000002,3.75274781632027e-18,enum+local,0
60000000000.0,0.27,0.00135,3.75274781632027e-18,enum+local,0
60000000000.0,0.27999999999999997,0.0014,3.75274781632027e-18,enum+local,0
60000000000.0,0.29000000000000004,0.0014500000000000001,3.75274781632027e-18,enum+local,0
60000000000.0,0.3,0.0015,3.75274781632027e-18,enum+local,0
60000000000.0,0.31000000000000005,0.0015500000000000002,3.75274781632027e-18,enum+local,0
60000000000.0,0.32,0.0016,3.75274781632027e-18,enum+local,0
60000000000.0,0.33,0.00165,3.75274781632027e-18,enum+local,0
60000000000.0,0.34,0.0017000000000000001,3.75274781632027e-18,enum+local,0
60000000000.0,0.35,0.00175,3.75274781632027e-18,enum+local,1
60000000000.0,0.36000000000000004,0.0018000000000000002,3.75274781632027e-18,enum+local,1
60000000000.0,0.37,0.00185,3.75274781632027e-18,enum+local,1
60000000000.0,0.38,0.0019,3.75274781632027e-18,enum+local,1
60000000000.0,0.39,0.0019500000000000001,3.75274781632027e-18,enum+local,1
60000000000.0,0.4,0.002,3.75274781632027e-18,enum+local,1
