scenario,eps_norm,eps_m,mean,p05,p50,p95,quadratic_approx
iid_uniform,0.0,0.0,1.0,1.0,1.0,1.0,1.0
common_bias,0.0,0.0,1.0,1.0,1.0,1.0,1.0
correlated_gaussian,0.0,0.0,0.99999999933148,0.9999999988577416,0.999999999360327,0.9999999996994737,1.0
iid_uniform,0.005,5.3571428571428575e-05,0.9993624660066428,0.9990862873649283,0.9993705084345068,0.9996131004888985,0.9993604017934508
common_bias,0.005,5.3571428571428575e-05,0.9999999483144341,0.9999998627109467,0.9999999606432003,0.9999999996265875,0.9999999489692107
correlated_gaussian,0.005,5.3571428571428575e-05,0.999579527263383,0.9990509493176399,0.9996448768299888,0.999861567094699,0.9995773684804946
iid_uniform,0.01,0.00010714285714285715,0.9974539293430189,0.9963905698530316,0.9974710786015282,0.9984389656526049,0.9974416071738029
common_bias,0.01,0.00010714285714285715,0.9999997957074256,0.9999994440391409,0.9999998491424203,0.9999999984275776,0.9999997958768428
correlated_gaussian,0.01,0.00010714285714285715,0.9983217842262003,0.9964447430908123,0.9985316233946255,0.9994456550851504,0.9983094739219787
iid_uniform,0.015,0.0001607142857142857,0.9942963343817789,0.9919986303354215,0.9943125730779693,0.9964492386498478,0.9942436161410565
common_bias,0.015,0.0001607142857142857,0.9999995422671857,0.9999987391674074,0.9999996669509463,0.9999999975760606,0.9999995407228965
correlated_gaussian,0.015,0.0001607142857142857,0.9962273179674087,0.9919135441678383,0.9968199626770321,0.9987633269593953,0.9961963163244519
iid_uniform,0.02,0.0002142857142857143,0.9898342954699246,0.9857491389708801,0.989896867776726,0.993800877643823,0.9897664286952116
common_bias,0.02,0.0002142857142857143,0.9999991703130693,0.9999977536432034,0.9999993645735217,0.9999999930195699,0.9999991835073715
correlated_gaussian,0.02,0.0002142857142857143,0.9931890258877433,0.9850400983733111,0.9942385413610453,0.9978389680355773,0.9932378956879145
iid_uniform,0.025,0.00026785714285714287,0.9841294692990159,0.9780177463914203,0.984177695513861,0.9902870351291754,0.9840100448362681
common_bias,0.025,0.00026785714285714287,0.9999987282830539,0.9999965587896251,0.9999990141727133,0.9999999912482164,0.999998724230268
correlated_gaussian,0.025,0.00026785714285714287,0.9895699655626511,0.9771306427423231,0.9912198000875089,0.9966932697733291,0.9894342120123665
iid_uniform,0.03,0.0003214285714285714,0.9771810981432141,0.9680710968434217,0.9772080507476213,0.9860261832626153,0.976974464564226
common_bias,0.03,0.0003214285714285714,0.9999981803641969,0.9999951055678377,0.9999986397739136,0.9999999885344203,0.9999981628915859
correlated_gaussian,0.03,0.0003214285714285714,0.9849222368548499,0.967402662056722,0.9871531070173138,0.9951353353590795,0.9847852652978077
iid_uniform,0.035,0.00037500000000000006,0.9693808035438708,0.9573794467464058,0.96941218384649,0.981626864283057,0.9686596878790854
common_bias,0.035,0.00037500000000000006,0.9999974895001562,0.9999931349091284,0.9999981748896332,0.9999999817979872,0.9999974994913253
correlated_gaussian,0.035,0.00037500000000000006,0.9794125302764346,0.9536853174837002,0.9827288786504104,0.9933186679305722,0.9792910555442383
iid_uniform,0.04,0.0004285714285714286,0.9597192120763456,0.9434123484687867,0.960417692200681,0.9752241280127936,0.9590657147808462
common_bias,0.04,0.0004285714285714286,0.9999967565317933,0.9999911993312995,0.9999974997701544,0.9999999678589818,0.9999967340294862
correlated_gaussian,0.04,0.0004285714285714286,0.9730413215734052,0.9401197468767776,0.9774729114298639,0.991591843166989,0.9729515827516583
iid_uniform,0.045,0.00048214285714285715,0.9493992405315723,0.9283636967754154,0.9503001102475152,0.9688901188198642,0.9481925452695085
common_bias,0.045,0.00048214285714285715,0.9999958645728003,0.9999887474360556,0.9999968643414203,0.9999999703710292,0.9999958665060684
correlated_gaussian,0.045,0.00048214285714285715,0.9658481205382133,0.9253841552993933,0.9710358055779357,0.9890652878781321,0.9657668469200675
iid_uniform,0.05,0.0005357142857142857,0.937697416393499,0.9134880542905421,0.9374115429087193,0.9609577562016925,0.9360401793450722
common_bias,0.05,0.0005357142857142857,0.9999947576973411,0.9999862026994301,0.9999960555367138,0.9999999610411966,0.9999948969210721
correlated_gaussian,0.05,0.0005357142857142857,0.9588888087458977,0.9107340665284192,0.9650284823208592,0.985929174964366,0.957736848049466
iid_uniform,0.055,0.0005892857142857143,0.9249300015688448,0.8962806613785068,0.9249362034244186,0.9531946056951612,0.9226086170075374
common_bias,0.055,0.0005892857142857143,0.9999939082070262,0.9999829255392517,0.999995663341845,0.9999999527476587,0.9999938252744973
correlated_gaussian,0.055,0.0005892857142857143,0.9500348619514462,0.8928566564797678,0.9577943988462381,0.9830826785790451,0.9488615861398539
iid_uniform,0.06,0.0006428571428571428,0.9107269289149333,0.8766016518549972,0.9109702195348506,0.944169486247626,0.907897858256904
common_bias,0.06,0.0006428571428571428,0.9999924904196311,0.9999800800472964,0.9999941133570422,0.999999918547643,0.9999926515663439
correlated_gaussian,0.06,0.0006428571428571428,0.9421500846056297,0.876011235191266,0.9504781264803916,0.9803374662891617,0.9391410611912311
iid_uniform,0.065,0.0006964285714285715,0.8966939435936708,0.8556591356304372,0.8970165166544051,0.9363300294217803,0.8919079030931719
common_bias,0.065,0.0006964285714285715,0.9999915338319589,0.9999764806181638,0.9999936591528965,0.9999999383164513,0.9999913757966119
correlated_gaussian,0.065,0.0006964285714285715,0.9329471414199626,0.8537139035816291,0.94297610192595,0.977102619513104,0.9285752732035976
iid_uniform,0.07,0.0007500000000000001,0.8802494924804458,0.8350666889294274,0.8803288692438003,0.924280723483441,0.8746387515163414
common_bias,0.07,0.0007500000000000001,0.9999901943110936,0.9999727196785951,0.9999926354770996,0.9999999199980988,0.9999899979653014
correlated_gaussian,0.07,0.0007500000000000001,0.9209577988946608,0.8321514277025435,0.9320308861068296,0.9738004961749198,0.9171642221769534
iid_uniform,0.075,0.0008035714285714286,0.864152940478041,0.8125786157880847,0.8646606375403112,0.9130459304247389,0.8560904035264124
common_bias,0.075,0.0008035714285714286,0.9999886196624173,0.9999691083749648,0.9999915224259552,0.9999999052216813,0.9999885180724124
correlated_gaussian,0.075,0.0008035714285714286,0.9070266200867145,0.799427867915279,0.9202486024428839,0.969116660432309,0.9049079081112986
iid_uniform,0.08,0.0008571428571428572,0.8467452052082918,0.7891639664021793,0.8474283913148091,0.9045961046727569,0.8362628591233847
common_bias,0.08,0.0008571428571428572,0.9999873020540447,0.9999641426306033,0.9999909810314356,0.9999999072954266,0.9999869361179448
correlated_gaussian,0.08,0.0008571428571428572,0.8973704961918809,0.7793102414449558,0.9121718181304731,0.9661113099675831,0.8918063310066331
iid_uniform,0.085,0.0009107142857142857,0.8292193852630478,0.7614987813866548,0.8297970330179651,0.8939693046191006,0.8151561183072585
common_bias,0.085,0.0009107142857142857,0.9999852323125576,0.9999600599356694,0.9999885650238578,0.9999998759307853,0.9999852521018986
correlated_gaussian,0.085,0.0009107142857142857,0.8861111604872324,0.753065151247245,0.9036987287676012,0.9616254728245051,0.8778594908629569
iid_uniform,0.09,0.0009642857142857143,0.8099982626351504,0.7422027991861998,0.810711908773605,0.878399170860729,0.7927701810780339
common_bias,0.09,0.0009642857142857143,0.9999832436659055,0.9999551699205598,0.9999878051709798,0.9999998514629576,0.9999834660242738
correlated_gaussian,0.09,0.0009642857142857143,0.8740251756005991,0.7367674135185198,0.8905287335649237,0.9562546415096909,0.86306738768027
iid_uniform,0.095,0.0010178571428571428,0.792461563428782,0.7114879997379625,0.7932022406851533,0.8688179698786016,0.7691050474357106
common_bias,0.095,0.0010178571428571428,0.9999814277116649,0.9999505825938505,0.9999859664553483,0.999999806942049,0.9999815778850705
correlated_gaussian,0.095,0.0010178571428571428,0.8626922294606231,0.71130002292656,0.8795766901977733,0.952756020181712,0.8474300214585724
iid_uniform,0.1,0.0010714285714285715,0.7698075028691171,0.6836274098219884,0.7700529189524554,0.853743524322258,0.7441607173802887
common_bias,0.1,0.0010714285714285715,0.9999794900802426,0.999944641236531,0.9999838327459878,0.9999998298139005,0.9999795876842886
correlated_gaussian,0.1,0.0010714285714285715,0.8457618043842859,0.6946110757858569,0.861194896329544,0.9475131208088747,0.8309473921978642
